accel_x,accel_y,accel_z
9.999971406674834640e-01,9.999984240378211320e-01,-8.794845742523575538e+00
1.900000792874314337e+00,1.899997227235673547e+00,-7.894837703507475268e+00
2.710005492987123787e+00,2.709997538153664287e+00,-7.084847061711387894e+00
3.438987178321295968e+00,3.439002593640377192e+00,-6.355843305385431741e+00
4.095098508120658565e+00,4.095104409647275290e+00,-5.699746078671568128e+00
4.685591052973786752e+00,4.685589477066161024e+00,-5.109250058668124872e+00
5.217022394643509031e+00,5.217034222748734074e+00,-4.577808034122812231e+00
5.695324578452483522e+00,5.695321426747278259e+00,-4.099515436454945316e+00
6.125793249423299613e+00,6.125794350173106473e+00,-3.669050427368814038e+00
6.513219425163216947e+00,6.513215782267715248e+00,-3.281631459603140399e+00
6.861894760031114870e+00,6.861897487965991083e+00,-2.932949195619364069e+00
7.175709708037510737e+00,7.175714498325541868e+00,-2.619140279482645717e+00
7.458132819118519663e+00,7.458139966993922343e+00,-2.336706494160587511e+00
7.712328888311722253e+00,7.712317515374393473e+00,-2.082517477457682897e+00
7.941097607841560269e+00,7.941082288734715888e+00,-1.853747279351942279e+00
8.146970723587937613e+00,8.146971769166528432e+00,-1.647860059646772068e+00
8.332284010042833700e+00,8.332283865806520140e+00,-1.462560643851889886e+00
8.499056401319549536e+00,8.499045576305769956e+00,-1.295791642466950444e+00
8.649153828019127133e+00,8.649148229398244681e+00,-1.145690793833776810e+00
8.784237661676074893e+00,8.784230719816957134e+00,-1.010612539591694059e+00
8.905809998344556888e+00,8.905809570845184098e+00,-8.890266017645467311e-01
9.015228181338958535e+00,9.015226720172485386e+00,-7.796198798478963798e-01
9.113706144704304180e+00,9.113705103099681182e+00,-6.811364692622527972e-01
9.202331952850309804e+00,9.202342030934246964e+00,-5.925004305717251896e-01
9.282100126489567060e+00,9.282096355703052026e+00,-5.127433691602650834e-01
9.353890643945790728e+00,9.353885816892665517e+00,-4.409473249899011904e-01
9.418497750893497056e+00,9.418507283148761289e+00,-3.763337985954389175e-01
9.476647874204928712e+00,9.476644632533330892e+00,-3.181931710881718001e-01
9.528985185674461178e+00,9.528985768619914865e+00,-2.658543085081280788e-01
9.576088864177398463e+00,9.576095068673891930e+00,-2.187529259332885723e-01
9.618483870000252622e+00,9.618485561703629116e+00,-1.763673205070101224e-01
9.656633619562285276e+00,9.656636151423018788e+00,-1.382079005719198950e-01
9.690966107208851099e+00,9.690965295320371098e+00,-1.038675114755485129e-01
9.721871979541116815e+00,9.721865485787283490e+00,-7.297233754686895113e-02
9.749684239850180845e+00,9.749683600354666524e+00,-4.515481762583776343e-02
9.774713269227229162e+00,9.774719110546913114e+00,-2.011794459468332213e-02
9.797246119917039309e+00,9.797245630532074756e+00,2.400789383118852142e-03
9.817523213306829533e+00,9.817520340302117177e+00,2.266993432246306242e-02
9.835772211539307364e+00,9.835770138274483543e+00,4.092852455365998676e-02
9.852190064869581931e+00,9.852193257920394132e+00,5.734541712881270625e-02
9.866970375160899920e+00,9.866971894644780861e+00,7.213081287268124919e-02
9.880273300556279281e+00,9.880277247988331624e+00,8.543548434628739363e-02
9.892248524408143950e+00,9.892251461615275687e+00,9.740159230433594051e-02
9.903015733258611064e+00,9.903027806056920568e+00,1.081852375805260474e-01
9.912717312329210273e+00,9.912722375495865990e+00,1.178805835363283677e-01
9.921446988242864862e+00,9.921443725032823124e+00,1.266051000697999418e-01
9.929304435553511610e+00,9.929298767261323988e+00,1.344599133738932362e-01
9.936376638972452824e+00,9.936372767557882568e+00,1.415249396776468993e-01
9.942730968463932228e+00,9.942737712166934472e+00,1.478927663040764950e-01
9.948461613835430484e+00,9.948454756036181124e+00,1.536151909182226494e-01
9.953616142931055677e+00,9.953617138022952560e+00,1.587746268524623527e-01
9.958258220407426364e+00,9.958251014936491785e+00,1.634138940711641619e-01
9.962426722050720329e+00,9.962430654209798675e+00,1.675870703556250896e-01
9.966190489001258257e+00,9.966187939901615778e+00,1.713437195643114919e-01
9.969570122019522529e+00,9.969571283289392127e+00,1.747277049707915142e-01
9.972617932325459122e+00,9.972610455391246020e+00,1.777673552727015160e-01
9.975352891651960263e+00,9.975349756277379853e+00,1.805110137401923776e-01
9.977816067738030981e+00,9.977816891670707733e+00,1.829655538280741123e-01
9.980040014003451532e+00,9.980030751002553657e+00,1.851928533890680184e-01
9.982027978636654808e+00,9.982037263381352332e+00,1.871896193601930991e-01
9.983832650707828549e+00,9.983824838285636716e+00,1.889927806417909528e-01
9.985440887267108323e+00,9.985434408009838947e+00,1.906020639800727334e-01
9.986897110700661884e+00,9.986900842041348980e+00,1.920544956910665568e-01
9.988207827361305746e+00,9.988204215166572197e+00,1.933667842135687875e-01
9.989391235860422213e+00,9.989388184290941552e+00,1.945447971785731478e-01
9.990446136048571901e+00,9.990449996022528367e+00,1.956061160054785586e-01
9.991406928165279311e+00,9.991406522223522657e+00,1.965673972359905930e-01
9.992258702910561396e+00,9.992266538435753631e+00,1.974214435624865871e-01
9.993033855202803295e+00,9.993042191339267077e+00,1.982015716338993150e-01
9.993736244857874595e+00,9.993733569225263125e+00,1.988972180983692994e-01
9.994358869815533453e+00,9.994359783322792623e+00,1.995205330155065404e-01
9.994924110004344442e+00,9.994923217425354167e+00,2.000849420111061594e-01
9.995434236052567201e+00,9.995432443420263269e+00,2.005854708406247244e-01
9.995893971169326875e+00,9.995889846138350521e+00,2.010518019275946144e-01
9.996300350109645905e+00,9.996298898757448370e+00,2.014568625141473501e-01
9.996678285358727933e+00,9.996669530752702926e+00,2.018282374619376485e-01
9.996995274007755228e+00,9.996998563470302912e+00,2.021679452591806647e-01
9.997304006709645918e+00,9.997300358365132311e+00,2.024604532035459703e-01
9.997577660919084508e+00,9.997566181800994656e+00,2.027352899681817144e-01
9.997813584547271759e+00,9.997816489657928685e+00,2.029671386427681634e-01
9.998027930778798478e+00,9.998030705942678509e+00,2.031927919942328187e-01
9.998231570468222529e+00,9.998228833033234508e+00,2.033862228602867361e-01
9.998409701542898986e+00,9.998403556299287231e+00,2.035599169059250924e-01
9.998568022154945112e+00,9.998573594177370794e+00,2.037260279451542089e-01
9.998706992390397730e+00,9.998706134553131619e+00,2.038685672931483950e-01
9.998838144084698953e+00,9.998829589635818138e+00,2.039942990377371368e-01
9.998959167028734996e+00,9.998956657495519096e+00,2.041076822647692468e-01
9.999063873379970602e+00,9.999054376957840162e+00,2.042213039603248403e-01
9.999156169400885474e+00,9.999145671275181613e+00,2.043174285575358462e-01
9.999238027471241352e+00,9.999232967293158580e+00,2.043945365508704204e-01
9.999305778453162930e+00,9.999310638797885176e+00,2.044657501648526055e-01
9.999375100046966836e+00,9.999388073116543652e+00,2.045375966851404881e-01
9.999454883747016964e+00,9.999445287420433814e+00,2.045968146384279929e-01
9.999502643744845543e+00,9.999503623831110133e+00,2.046597618146291375e-01
9.999547101482612277e+00,9.999553043466171687e+00,2.047092475420757007e-01
9.999600661251696110e+00,9.999596001021298974e+00,2.047556215823628789e-01
9.999640992326565225e+00,9.999628475374002790e+00,2.047906179696133977e-01
9.999679598547443149e+00,9.999666198194145039e+00,2.048340533351306059e-01
9.999703418696917367e+00,9.999704070169938674e+00,2.048605325133040223e-01
9.999738031072233468e+00,9.999732051026489543e+00,2.048939945293721254e-01
9.999750872606417929e+00,9.999757314631846583e+00,2.049200386959474374e-01
9.999787457701208027e+00,9.999784122934704200e+00,2.049369585524386805e-01
9.999811999198293222e+00,9.999808623244705430e+00,2.049577021263012111e-01
9.999829136512506267e+00,9.999827606891592779e+00,2.049862928351754154e-01
9.999849268865423468e+00,9.999840636398763749e+00,2.049941218746267890e-01
9.999859696175640522e+00,9.999869285442564149e+00,2.050194563505501333e-01
9.999872791440761688e+00,9.999873211962031050e+00,2.050286024986281985e-01
9.999889869588070468e+00,9.999885123341121229e+00,2.050410100554982684e-01
9.999893556230418312e+00,9.999902184133452110e+00,2.050507604988405785e-01
9.999911198884746000e+00,9.999912092820578025e+00,2.050634763141981898e-01
9.999916903737412710e+00,9.999912383500777935e+00,2.050664147452826713e-01
9.999922970169027536e+00,9.999922616312398205e+00,2.050794737590535821e-01
9.999931132241837162e+00,9.999926426891512676e+00,2.050926538248203090e-01
9.999934953341622190e+00,9.999941136566976141e+00,2.050927328970227337e-01
9.999948701693558206e+00,9.999943689422465809e+00,2.051006002525324057e-01
9.999951942129312599e+00,9.999949369258271048e+00,2.051052298753856806e-01
9.999959332048325322e+00,9.999956334922142531e+00,2.051094114586742290e-01
9.999961734049142237e+00,9.999955612298986551e+00,2.051248642207388895e-01
9.999961718408691524e+00,9.999956965385338847e+00,2.051217375299587697e-01
9.999968124197385677e+00,9.999972448981351292e+00,2.051248702410416458e-01
9.999975511615032175e+00,9.999975455804808178e+00,2.051247788156095875e-01
9.999973368686925213e+00,9.999978707339053585e+00,2.051218006644194292e-01
9.999983144648645350e+00,9.999976752031955129e+00,2.051316852993907980e-01
9.999980770357394633e+00,9.999985421242081784e+00,2.051316589567957205e-01
9.999984616048944730e+00,9.999981488102626770e+00,2.051487512628380749e-01
9.999983692738561913e+00,9.999975469151278773e+00,2.051337706828466334e-01
9.999990825161100716e+00,9.999982942909644734e+00,2.051449696996499872e-01
9.999982001258068465e+00,9.999988371783258501e+00,2.051446016625394497e-01
9.999989318226598201e+00,9.999988809343944851e+00,2.051484955151968714e-01
9.999984703846246603e+00,9.999984214538571337e+00,2.051565075985077591e-01
9.999989766986294271e+00,9.999987681004865792e+00,2.051498578895508684e-01
9.999982367106737158e+00,9.999982835281471694e+00,2.051501164833627600e-01
9.999991848746832446e+00,9.999993719499300937e+00,2.051572970108807570e-01
9.999994070513590572e+00,9.999992006423735091e+00,2.051455411455609945e-01
9.999986054213394482e+00,9.999994855745596212e+00,2.051504521193327490e-01
9.999990590833705895e+00,9.999985990760249521e+00,2.051545271538569581e-01
9.999995885796847617e+00,9.999995987134866482e+00,2.051554754363684174e-01
9.999990423795452443e+00,9.999996918359865816e+00,2.051558650446741738e-01
9.999990860471287490e+00,9.999997135252659319e+00,2.051576603175070124e-01
9.999994972101887925e+00,9.999997464918775947e+00,2.051475304158519308e-01
9.999994812468669281e+00,9.999995752865499909e+00,2.051489326280466763e-01
9.999994422498215130e+00,9.999998882547489032e+00,2.051562655297896054e-01
9.999996997253914444e+00,9.999994453584960752e+00,2.051547941291712862e-01
9.999993436590532525e+00,1.000000060061575091e+01,2.051615088024480726e-01
9.999995496561135511e+00,9.999994201256861004e+00,2.051550191134771661e-01
9.999995840622109000e+00,9.999996178379840117e+00,2.051488943252195996e-01
1.000000298689106515e+01,9.999995152151033295e+00,2.051617251201332537e-01
1.000000116333734290e+01,9.999998531050341199e+00,2.051543466336751831e-01
1.000000109496551559e+01,9.999996623235469784e+00,2.051605200923082017e-01
1.000000563639829565e+01,1.000000261233406462e+01,2.051602944651393923e-01
1.000000240150874831e+01,9.999995691845148471e+00,2.051563884348077405e-01
1.000000001373660830e+01,9.999996008707494610e+00,2.051552912081981705e-01
9.999998819895504099e+00,9.999997219259421755e+00,2.051543018760778603e-01
9.999997416769961234e+00,1.000000595856008090e+01,2.051442868504891881e-01
9.999997554118309040e+00,9.999998380697656231e+00,2.051565224786357222e-01
1.000000053645309528e+01,9.999996873368184325e+00,2.051589847332064009e-01
1.000000221650118526e+01,9.999995079993892588e+00,2.051569229042031484e-01
1.000000177567102888e+01,9.999998457795019391e+00,2.051641301897308423e-01
9.999999693333409212e+00,9.999995315584278899e+00,2.051558637506088190e-01
9.999997190518310930e+00,9.999998435316197032e+00,2.051625755525304795e-01
1.000000068160757394e+01,9.999989938128980071e+00,2.051566477905307218e-01
1.000000930425773937e+01,9.999998941252529860e+00,2.051567826990811361e-01
9.999995217619479959e+00,9.999999995221346083e+00,2.051528102305612833e-01
1.000000717013789497e+01,1.000000545168558652e+01,2.051608084307802171e-01
9.999992896911127360e+00,9.999999963926327951e+00,2.051601120605284212e-01
9.999998735757802848e+00,1.000000192189340886e+01,2.051566154350214777e-01
9.999994804539170445e+00,9.999995271103127692e+00,2.051587618485809783e-01
1.000000111190857233e+01,9.999997738117968993e+00,2.051632686840432762e-01
1.000000157669991374e+01,9.999994233180052206e+00,2.051609104987581200e-01
9.999989306635690411e+00,9.999997684607601300e+00,2.051654261816119318e-01
9.999994484577987564e+00,9.999999037265737911e+00,2.051574587558280538e-01
1.000000488614204386e+01,1.000000007041680306e+01,2.051674142565437509e-01
1.000000693053656775e+01,1.000000057058008274e+01,2.051606067070059214e-01
9.999997339011558850e+00,9.999998404535856977e+00,2.051589027434078949e-01
9.999998929155037075e+00,9.999993299905852950e+00,2.051625963147785670e-01
1.000000361822615602e+01,9.999996161477437084e+00,2.051669971070466669e-01
9.999992851122293303e+00,1.000000192142200284e+01,2.051604650013438835e-01
1.000000421454718058e+01,9.999996857198173217e+00,2.051593198037172938e-01
1.000000400626972485e+01,9.999996495140939246e+00,2.051621389268808715e-01
1.000000256800254661e+01,9.999993445051174490e+00,2.051490840428376594e-01
1.000000342304199030e+01,9.999990531115326320e+00,2.051585989767105156e-01
1.000000063317991383e+01,9.999999734807497376e+00,2.051531431929369820e-01
9.999995507482292822e+00,9.999992493936472826e+00,2.051513012136203518e-01
1.000000119228459461e+01,9.999995730206901356e+00,2.051627839761626937e-01
9.999999359084105421e+00,1.000000458791797975e+01,2.051580121403074330e-01
9.999993337291234852e+00,9.999992415393455403e+00,2.051541124178928865e-01
9.999999802206041011e+00,1.000000521734660097e+01,2.051529907758038174e-01
1.000000089748851551e+01,9.999997534098577390e+00,2.051524235049085321e-01
9.999998578248916914e+00,1.000000312445396666e+01,2.051604988629980031e-01
9.999996596554350248e+00,9.999995186693528382e+00,2.051573062125955083e-01
9.999995867548490125e+00,9.999998219682757039e+00,2.051726010584058180e-01
1.000000894537693341e+01,9.999999967384619382e+00,2.051624793823040582e-01
9.999995851737081054e+00,9.999997921203116036e+00,2.051607985353365304e-01
9.999996471544433163e+00,1.000000340190256587e+01,2.051523797391701653e-01
9.999996128118477046e+00,9.999997961547460790e+00,2.051549695739963708e-01
9.999997229112580044e+00,9.999999857866063380e+00,2.051614312590532563e-01
9.999994314812663987e+00,9.999998986621905672e+00,2.051626261505585802e-01
9.999998610913429786e+00,1.000000158575331710e+01,2.051581623430846768e-01
1.000000376769713206e+01,9.999993781300499762e+00,2.051571209225131753e-01
9.999997097271187130e+00,1.000000303950296043e+01,2.051595694981516449e-01
9.999994036636344674e+00,9.999996332588327874e+00,2.051567890732108046e-01
9.999998416615808239e+00,1.000000169840936515e+01,2.051597675419468969e-01
1.000000069152628690e+01,9.999995279020909678e+00,2.051446841384398367e-01
1.000000266174143171e+01,9.999998213264959190e+00,2.051629393029997528e-01
1.000000197439063321e+01,9.999996353615548728e+00,2.051528036193663307e-01
1.000000241802140444e+01,1.000000721302591167e+01,2.051514986912350291e-01
9.999999484034646002e+00,9.999997940433040355e+00,2.051527960007867579e-01
9.999997004088228891e+00,9.999999008794803856e+00,2.051629072023723466e-01
1.000000456248672620e+01,9.999993382367193817e+00,2.051619411148626060e-01
1.000000284588765709e+01,9.999992830796500698e+00,2.051635091520698506e-01
9.999994036647679607e+00,9.999991976327949672e+00,2.051576233750422862e-01
1.000000161837814261e+01,1.000000265464155014e+01,2.051634953748469881e-01
1.000000394246550073e+01,1.000000308572955809e+01,2.051519350548079157e-01
1.000000074046295673e+01,1.000000199908517651e+01,2.051535582787479273e-01
9.999989352139968091e+00,9.999998994957568499e+00,2.051559842419720670e-01
1.000000243702680791e+01,9.999997583709626880e+00,2.051570002192701636e-01
1.000000223999326998e+01,1.000000424198898585e+01,2.051520059560153209e-01
9.999998944833176751e+00,9.999996028634830836e+00,2.051537498348602884e-01
9.999998475585593738e+00,9.999989465818497791e+00,2.051655505368089050e-01
9.999999629313164107e+00,1.000000691281238119e+01,2.051571027860002172e-01
9.999998117614232740e+00,1.000000121575476442e+01,2.051511310266499466e-01
9.999993850237995474e+00,9.999999536279892354e+00,2.051518986134499567e-01
1.000000387460572071e+01,1.000000520190706332e+01,2.051512882845717145e-01
9.999993256975795219e+00,1.000000624076962374e+01,2.051653481815667590e-01
9.999998206630740682e+00,9.999999989042922977e+00,2.051625100348198893e-01
9.999993676645397400e+00,1.000000026330707747e+01,2.051570812277366540e-01
9.999995878325446341e+00,9.999998872732053457e+00,2.051598178455963373e-01
1.000000539949693490e+01,9.999996467360448449e+00,2.051559940782170244e-01
9.999997942980311194e+00,9.999996112689554906e+00,2.051628795623992585e-01
1.000000288866271525e+01,9.999996115909448591e+00,2.051608208175611792e-01
9.999997744468359429e+00,9.999989231670371126e+00,2.051664983246703766e-01
9.999999735485413765e+00,9.999997300219179763e+00,2.051600708828409392e-01
9.999993535969077030e+00,9.999996917229042381e+00,2.051597901520862133e-01
9.999994479425025062e+00,1.000000098855288755e+01,2.051557407917056208e-01
1.000000062878415541e+01,9.999995610053442618e+00,2.051557776581237058e-01
9.999993044419790422e+00,9.999997378581010565e+00,2.051616183863127496e-01
1.000000435676395227e+01,9.999991056069848838e+00,2.051548735591203210e-01
1.000000053345181428e+01,9.999998002258440266e+00,2.051492291772794851e-01
9.999991932058659216e+00,9.999997386706990454e+00,2.051547853337037930e-01
1.000000510850362545e+01,9.999993690925519374e+00,2.051587156683986057e-01
1.000000728345302647e+01,9.999998646392747048e+00,2.051529562867162593e-01
1.000000000930227628e+01,9.999995165232542504e+00,2.051562254921330264e-01
9.999996055886590796e+00,1.000000184377151946e+01,2.051605044597633876e-01
9.999999885201228622e+00,1.000000791182117332e+01,2.051571479191463543e-01
9.999993363169449978e+00,9.999995068469495152e+00,2.051594533805675136e-01
1.000000261869416285e+01,1.000000092133373819e+01,2.051615536132748996e-01
9.999994140457836522e+00,9.999999065836124856e+00,2.051533330348020712e-01
1.000000192090566564e+01,1.000000117890691520e+01,2.051621064508954428e-01
9.999993694486787987e+00,9.999999614008217463e+00,2.051559467290299810e-01
9.999998808123649496e+00,1.000000128861032955e+01,2.051544127999186951e-01
1.000000434366267044e+01,9.999998429219417062e+00,2.051559993498285606e-01
9.999997866679416703e+00,9.999999414927430053e+00,2.051599102763367322e-01
1.000000121106420892e+01,9.999996016837492618e+00,2.051541640413492296e-01
9.999998491107874088e+00,9.999994218556629733e+00,2.051615252488211139e-01
1.000000338225518703e+01,9.999998172501070925e+00,2.051480900095448145e-01
1.000000024899368256e+01,9.999998371974731626e+00,2.051644223726560856e-01
1.000000043236075342e+01,9.999997690523663607e+00,2.051546835320938733e-01
9.999992905543432897e+00,1.000000331566971035e+01,2.051621854724060001e-01
1.000000380760299556e+01,1.000000267710255031e+01,2.051588085002740980e-01
9.999996827496596907e+00,1.000000035002916832e+01,2.051591620277444517e-01
1.000000541595865045e+01,9.999996209366257105e+00,2.051609028536713342e-01
9.999999762802961101e+00,9.999999501855841189e+00,2.051574515069027049e-01
9.999996109620356677e+00,1.000000466387067810e+01,2.051607248472982203e-01
9.999995338519847010e+00,1.000000123616333170e+01,2.051549254361416663e-01
9.999999583899089828e+00,9.999997774901796532e+00,2.051603625118257057e-01
9.999996345075430781e+00,9.999999805706025313e+00,2.051600251810645203e-01
1.000001068223497214e+01,9.999996885450526563e+00,2.051610145150978004e-01
1.000000110171118450e+01,9.999989500345419557e+00,2.051626635617027072e-01
9.999999451910881021e+00,1.000000190481848072e+01,2.051551106422909443e-01
1.000000633479089629e+01,9.999993830550273799e+00,2.051640317167566785e-01
1.000000560199241839e+01,9.999999196537908475e+00,2.051568095938019198e-01
9.999998005814539681e+00,1.000000827054939734e+01,2.051582122067772684e-01
1.000000286701951602e+01,1.000000234335169935e+01,2.051582059703676575e-01
1.000000293019753705e+01,9.999998868069486235e+00,2.051610123718554946e-01
1.000000271524326401e+01,9.999996010967835858e+00,2.051611337225938692e-01
9.999997900086988523e+00,1.000000508909410435e+01,2.051549124191067719e-01
1.000000082686508307e+01,9.999998164236290066e+00,2.051589628731427251e-01
1.000000393647476393e+01,9.999989413511521263e+00,2.051633475976431809e-01
9.999995376332558195e+00,9.999996861718630115e+00,2.051589271352129429e-01
1.000000458592005259e+01,1.000000252916474430e+01,2.051543040962188758e-01
9.999999036602655877e+00,9.999998507614344945e+00,2.051655256446064113e-01
9.999998923623712344e+00,9.999995517439169035e+00,2.051572193888560880e-01
1.000000542990706620e+01,1.000000262580526034e+01,2.051606300062079058e-01
9.999999466847194540e+00,9.999988180076844202e+00,2.051607676355935439e-01
9.999997373294778669e+00,1.000000132754809279e+01,2.051611243633609527e-01
9.999996774399267707e+00,9.999997282629907502e+00,2.051556173524577420e-01
9.999997163255319066e+00,1.000000109631780454e+01,2.051524887492277294e-01
1.000000117103407504e+01,9.999999321428326482e+00,2.051588442482759900e-01
9.999995283360599174e+00,1.000000586353912091e+01,2.051670619833747544e-01
1.000000143206955094e+01,1.000000061714678701e+01,2.051608546549342493e-01
9.999995090997455094e+00,1.000000048512043449e+01,2.051635058026481384e-01
1.000000937015904867e+01,9.999992507170620826e+00,2.051611957901961492e-01
9.999994856113767483e+00,9.999991487369348064e+00,2.051606333113709935e-01
1.000000006808018860e+01,9.999998052163336482e+00,2.051602286410086629e-01
9.999994422852571674e+00,9.999989916008200197e+00,2.051608166625852048e-01
9.999993292762002994e+00,1.000000041827587083e+01,2.051588626927251524e-01
1.000000186985053929e+01,9.999996516831910043e+00,2.051573484659994506e-01
1.000000138034206287e+01,9.999998175094548358e+00,2.051504155821914088e-01
1.000000686883883638e+01,9.999992622210948312e+00,2.051620684901994396e-01
9.999993366713237464e+00,1.000000265510301745e+01,2.051588717556142305e-01
1.000000564335653941e+01,9.999998661395091304e+00,2.051590245283625435e-01
1.000000610945171786e+01,9.999993360720633717e+00,2.051629692863751742e-01
1.000000502683459302e+01,9.999998594851211564e+00,2.051545870607973387e-01
9.999997033687014536e+00,9.999994551926588926e+00,2.051574269329540234e-01
1.000000001744210465e+01,1.000000064804613054e+01,2.051564310329638263e-01
9.999996447558853419e+00,9.999990045213447587e+00,2.051554256759162420e-01
9.999997673482170057e+00,9.999999738513530190e+00,2.051627341188754505e-01
1.000000014323825503e+01,9.999999466144789295e+00,2.051610298097898688e-01
9.999995782000116407e+00,9.999995106297847158e+00,2.051553697146942246e-01
1.000000871335440422e+01,9.999994559716730791e+00,2.051604653175412019e-01
9.999996954605894217e+00,9.999993248892653952e+00,2.051598227960713117e-01
1.000000225213224248e+01,9.999994955578470623e+00,2.051590350822022624e-01
9.999994284588460403e+00,1.000000278590281511e+01,2.051541733876075246e-01
9.999998528878133897e+00,1.000000047233989697e+01,2.051628589761739507e-01
9.999998818928844457e+00,1.000000246117414271e+01,2.051591186160283131e-01
9.999995592922882537e+00,9.999998264528089820e+00,2.051591146039533076e-01
9.999996502485602790e+00,9.999997690432300246e+00,2.051610896128951700e-01
9.999996784893566470e+00,9.999994826059698028e+00,2.051513474043591412e-01
1.000000219960188197e+01,1.000000168359198760e+01,2.051638378043025845e-01
1.000000410370339665e+01,9.999996467897906527e+00,2.051609950067743993e-01
9.999998726112409031e+00,9.999995969130758056e+00,2.051575572818359061e-01
9.999991525289365413e+00,1.000000178977153453e+01,2.051579084328659097e-01
9.999996281676656551e+00,9.999994100704167721e+00,2.051620832294216989e-01
9.999998721909122423e+00,9.999995875901870335e+00,2.051621723628485605e-01
9.999996571068656692e+00,9.999994377518952149e+00,2.051543694095791792e-01
9.999998367840126079e+00,1.000000181848865388e+01,2.051542408129865547e-01
9.999996906629341709e+00,9.999999924679174867e+00,2.051561485623724645e-01
9.999996532247774184e+00,1.000000803603301591e+01,2.051529528690926307e-01
1.000000292398063984e+01,9.999991407822555800e+00,2.051535147114050828e-01
9.999995435753934458e+00,9.999995300481272054e+00,2.051632868272964538e-01
1.000000645316329440e+01,1.000000044049217074e+01,2.051563008601561267e-01
1.000000039655787276e+01,9.999999168299394725e+00,2.051539073652388634e-01
1.000000588109874045e+01,1.000000253204113321e+01,2.051570157005930817e-01
1.000000128959647405e+01,1.000000012157458862e+01,2.051547014438265537e-01
9.999997960871393587e+00,9.999994578682741775e+00,2.051653852978417292e-01
1.000000769336057438e+01,9.999992651720718939e+00,2.051542922343267128e-01
9.999998882581095927e+00,1.000000188770648357e+01,2.051546151610293411e-01
1.000000152100283479e+01,1.000000388447115718e+01,2.051594860286089228e-01
9.999995662827148024e+00,9.999992025035879806e+00,2.051609144623324221e-01
9.999999751440951101e+00,9.999995678379427488e+00,2.051634528345234743e-01
1.000000466637865948e+01,1.000000098424038342e+01,2.051630022315137081e-01
1.000000248575499739e+01,9.999994121205460829e+00,2.051615607288308496e-01
1.000000656697759460e+01,1.000000229626551906e+01,2.051625189489622858e-01
1.000000147948000162e+01,1.000000635124517601e+01,2.051537542965840288e-01
1.000000493616738950e+01,9.999996751642035164e+00,2.051520098338671660e-01
9.999996731651698667e+00,1.000000353155426147e+01,2.051550908869462786e-01
9.999996353338705291e+00,9.999999169285214151e+00,2.051576979649051835e-01
9.999998573549348180e+00,9.999993041888702194e+00,2.051650940296503023e-01
9.999996225798454930e+00,9.999995932229692741e+00,2.051550284015194459e-01
9.999999915275800788e+00,9.999996251677728765e+00,2.051545658020628715e-01
1.000000233675984518e+01,9.999994239596418311e+00,2.051518000362827499e-01
1.000000283572319937e+01,9.999990013792114496e+00,2.051607359187429536e-01
1.000000004153653421e+01,1.000000357261520989e+01,2.051589493355512606e-01
9.999997278039897353e+00,9.999996910185400267e+00,2.051555744359058742e-01
9.999990201840979864e+00,1.000000309401651499e+01,2.051620853327369154e-01
1.000000389955287439e+01,9.999998427666316303e+00,2.051582851791553253e-01
1.000000005046594254e+01,9.999992773356865428e+00,2.051641298000952685e-01
1.000000458740947984e+01,9.999995738284086499e+00,2.051572293876159359e-01
9.999999838202276337e+00,9.999994619700874665e+00,2.051619286656595487e-01
1.000000605427074518e+01,9.999989346976217774e+00,2.051591095767370809e-01
9.999998806193028500e+00,9.999998128404518738e+00,2.051542671571665311e-01
1.000000192917913644e+01,9.999995916344918356e+00,2.051562160809387303e-01
1.000000052738969991e+01,9.999995092733966473e+00,2.051590538473472003e-01
9.999997718713711237e+00,9.999994487901542328e+00,2.051562185878849365e-01
1.000000402408074507e+01,9.999996165980226337e+00,2.051573819832572532e-01
1.000000247201598214e+01,9.999997837729045713e+00,2.051579938752301768e-01
1.000000143519843654e+01,9.999997172102210286e+00,2.051592283217996415e-01
9.999999359178758596e+00,9.999998064478454296e+00,2.051573958135242126e-01
9.999998652315957415e+00,9.999995835292537549e+00,2.051580520725949375e-01
9.999998001773064971e+00,1.000000929036221464e+01,2.051603380182265290e-01
1.000000040841055515e+01,9.999991867654866695e+00,2.051627444502670539e-01
1.000000724070324054e+01,1.000000113902619425e+01,2.051646436331028556e-01
9.999995733868505710e+00,1.000000070935063334e+01,2.051560826519848169e-01
9.999998942995910411e+00,1.000000208163215021e+01,2.051651046154070179e-01
9.999998981744903759e+00,9.999995650794355484e+00,2.051579100655146204e-01
1.000000556133930552e+01,9.999995074123502192e+00,2.051548859155941651e-01
9.999998171024566673e+00,9.999990165365034045e+00,2.051622132720228586e-01
9.999999914730288708e+00,9.999995020949254965e+00,2.051537108141605614e-01
1.000000441071103907e+01,9.999997407893394197e+00,2.051644415953787493e-01
1.000000086727282245e+01,1.000000142349184173e+01,2.051580598870689498e-01
9.999999073158873486e+00,9.999991275362614118e+00,2.051572870204768362e-01
1.000001308409569845e+01,9.999995232660200628e+00,2.051628610233157957e-01
1.000000005697820704e+01,1.000000498357632672e+01,2.051524675602154346e-01
9.999994993699157675e+00,9.999996418359492267e+00,2.051577551949382017e-01
9.999997863947850618e+00,1.000000635407115901e+01,2.051656725642571066e-01
9.999997572933764900e+00,1.000000204448708452e+01,2.051615985491602734e-01
1.000000637525668346e+01,9.999994671370416199e+00,2.051574488442503286e-01
1.000000924757298293e+01,1.000000332658157909e+01,2.051586690541355174e-01
1.000000481544204511e+01,9.999999879258009372e+00,2.051614319243828810e-01
9.999996288524457100e+00,9.999993260544547624e+00,2.051500939890959496e-01
9.999998108791933404e+00,9.999993137822384526e+00,2.051582171856531633e-01
1.000000544075140141e+01,9.999994892406363078e+00,2.051588917306865212e-01
1.000000443928092331e+01,1.000000072322674782e+01,2.051560870128453784e-01
1.000000103993074596e+01,9.999996293870319519e+00,2.051544209685681186e-01
9.999995742280663791e+00,1.000000164961543447e+01,2.051454401810968442e-01
9.999997984299767495e+00,9.999989477175716956e+00,2.051589041612308373e-01
9.999999505379244980e+00,1.000000199765090514e+01,2.051647037778165095e-01
1.000000282890191450e+01,9.999994232126290683e+00,2.051513950590510282e-01
1.000000429389443646e+01,9.999996209202507202e+00,2.051597225813397429e-01
9.999997735194305903e+00,9.999999795641313582e+00,2.051532305123520139e-01
1.000000324060360235e+01,9.999994799406652035e+00,2.051572602635358955e-01
9.999994104076536772e+00,9.999998703069321593e+00,2.051586254099514173e-01
1.000000406608356052e+01,1.000000658648731111e+01,2.051596670016652413e-01
9.999996052603215446e+00,9.999993223693913080e+00,2.051636390828366352e-01
1.000000741916225522e+01,1.000000274260714583e+01,2.051554822413679813e-01
9.999992099522529543e+00,9.999997934887199236e+00,2.051609972514046309e-01
1.000000452679540786e+01,9.999988239910166499e+00,2.051632990236081089e-01
1.000000070242972150e+01,1.000000292955647652e+01,2.051599082411774133e-01
9.999998870661643835e+00,9.999993276531782271e+00,2.051586461834489505e-01
9.999996892070193155e+00,9.999991402063487911e+00,2.051566095095072595e-01
1.000000522758238297e+01,1.000000121192744373e+01,2.051591369938008669e-01
9.999998853719329617e+00,9.999986346186396702e+00,2.051546501935492539e-01
9.999998968035308522e+00,9.999998045008691605e+00,2.051586849569759230e-01
9.999998915635984531e+00,9.999994176281315816e+00,2.051584162882198747e-01
1.000000247651574625e+01,9.999993661115581745e+00,2.051616721054815295e-01
1.000000184923423596e+01,9.999998973335918251e+00,2.051540605932684058e-01
9.999992788072493255e+00,9.999992110226616049e+00,2.051584352211171802e-01
1.000000935038874061e+01,9.999994706615648710e+00,2.051581792844431873e-01
1.000000017750697801e+01,9.999990745107027124e+00,2.051614853727818377e-01
1.000000166217809650e+01,9.999998716265409371e+00,2.051588418863283803e-01
1.000000057790407659e+01,9.999996795398157445e+00,2.051566894638480743e-01
9.999999362010738579e+00,1.000000005846073670e+01,2.051678816037821040e-01
1.000000377587964628e+01,9.999989985257753844e+00,2.051482567551707326e-01
9.999998729736413239e+00,9.999999692496192694e+00,2.051563813246726486e-01
9.999999255000924236e+00,9.999994167017435487e+00,2.051572544037500723e-01
9.999994178924840327e+00,9.999991202593673023e+00,2.051509834663164111e-01
1.000000279120993518e+01,9.999995583211177319e+00,2.051601266552538216e-01
9.999999471979037935e+00,9.999999152539185587e+00,2.051563526803109605e-01
9.999995065082442736e+00,9.999999550514752755e+00,2.051560321960307076e-01
1.000000178226581049e+01,9.999998857894555115e+00,2.051526141535585379e-01
9.999996614356204461e+00,1.000000156955788633e+01,2.051583759969103360e-01
1.000000169189565113e+01,9.999998614699906696e+00,2.051558684064458127e-01
1.000000189212429902e+01,9.999993278941419206e+00,2.051657404001388241e-01
1.000000154165901911e+01,1.000000032775615111e+01,2.051549978563041721e-01
1.000000296833681013e+01,9.999997152355019736e+00,2.051601831946875398e-01
1.000000324775877303e+01,9.999998479971599963e+00,2.051577387913517125e-01
1.000000219102046728e+01,9.999998254917995766e+00,2.051548016866100999e-01
9.999993693607118317e+00,1.000000134076797664e+01,2.051556651379343454e-01
9.999999124468432754e+00,1.000000288042304319e+01,2.051615920930046910e-01
9.999992972523687129e+00,9.999997792809113051e+00,2.051560695217760355e-01
1.000001135032624155e+01,9.999997868435237081e+00,2.051533635819302315e-01
1.000000242043823917e+01,1.000000561012126887e+01,2.051590667048395489e-01
9.999996162485764728e+00,9.999998023286284621e+00,2.051653545563379422e-01
1.000000366173260957e+01,9.999993894878537404e+00,2.051612463444805468e-01
1.000000685055341698e+01,1.000000045005200100e+01,2.051579067136820034e-01
9.999996178370926359e+00,9.999998100897315112e+00,2.051616439519923785e-01
1.000000051595282713e+01,1.000000309850911684e+01,2.051596080279527723e-01
1.000000272366868082e+01,9.999997946228228685e+00,2.051557938407051196e-01
1.000000122529629820e+01,9.999997511568953001e+00,2.051599369875622414e-01
9.999999686028798962e+00,9.999993128882298521e+00,2.051532290446649587e-01
1.000000495190943717e+01,9.999996360636076886e+00,2.051566303087580256e-01
1.000000168356283581e+01,1.000000285189291027e+01,2.051597600903631302e-01
9.999998966578541371e+00,1.000000158248045778e+01,2.051557656898903848e-01
1.000000423316841847e+01,1.000000327929496002e+01,2.051634332015789264e-01
9.999998239556353141e+00,1.000000483216294533e+01,2.051531149570548773e-01
9.999997098432357845e+00,9.999997748836829459e+00,2.051601288387951416e-01
9.999999462884932910e+00,9.999988859515283934e+00,2.051637305999585159e-01
9.999998196306542297e+00,9.999999467285096699e+00,2.051623325194774083e-01
1.000000105822426022e+01,9.999991541426505037e+00,2.051577922144808275e-01
9.999995225767827733e+00,1.000000372846665897e+01,2.051633690126016818e-01
1.000000218877867475e+01,9.999999471050582400e+00,2.051638181951726814e-01
9.999996899050811905e+00,1.000000071036087945e+01,2.051600763275268358e-01
9.999999560695789214e+00,9.999997317722002066e+00,2.051547194731863921e-01
1.000000224193780696e+01,9.999997077807526225e+00,2.051544000268075429e-01
1.000000009425898639e+01,9.999998188231096208e+00,2.051630735497844971e-01
1.000000359073257883e+01,1.000000196182732992e+01,2.051611224484434781e-01
1.000000518919854109e+01,1.000000434832191409e+01,2.051572893440763989e-01
1.000000151279861882e+01,9.999996618057393150e+00,2.051584425821007529e-01
9.999997380972695638e+00,9.999992161892452103e+00,2.051564558372133140e-01
1.000000307928682730e+01,1.000000925265672791e+01,2.051587983280368788e-01
9.999989066667092530e+00,1.000000183498882755e+01,2.051523142424956092e-01
1.000000843915051085e+01,9.999999524303197163e+00,2.051585013815163117e-01
1.000000719028026630e+01,9.999989942991895475e+00,2.051620730234655077e-01
1.000000070308591660e+01,1.000000098416283123e+01,2.051599432919899435e-01
9.999996066645298498e+00,1.000000295674955453e+01,2.051530450167302067e-01
9.999998419051337351e+00,9.999996153059992565e+00,2.051581247865766344e-01
1.000000027783338119e+01,9.999990389930504264e+00,2.051609292145277486e-01
9.999999754271382102e+00,9.999993147032601115e+00,2.051560032586526028e-01
9.999998940310904416e+00,9.999995137186390437e+00,2.051569986953685476e-01
9.999991507872776353e+00,9.999992843116556784e+00,2.051560899468371779e-01
9.999997144520587966e+00,1.000000019779934668e+01,2.051577468007645677e-01
9.999998152030006082e+00,1.000000007571508576e+01,2.051546974716713378e-01
9.999997740415032865e+00,9.999999086070488374e+00,2.051495509899876613e-01
9.999992767003549332e+00,9.999999207546080626e+00,2.051484595467380212e-01
9.999993746617381163e+00,9.999999679709986822e+00,2.051516930414332140e-01
9.999998416646349142e+00,9.999999755562607007e+00,2.051555608890049121e-01
1.000000803439903052e+01,9.999989767702924581e+00,2.051528257063223448e-01
9.999996565063010934e+00,9.999992679300396148e+00,2.051643246144488064e-01
1.000000303802634782e+01,9.999997005494520863e+00,2.051598102718763528e-01
9.999998972814372777e+00,9.999998367779159736e+00,2.051550765718171965e-01
1.000000374325151675e+01,1.000000663640801513e+01,2.051558805838579747e-01
1.000000334538573554e+01,9.999994706166951630e+00,2.051521155746389435e-01
9.999995819460705704e+00,1.000000150853418468e+01,2.051582720879301658e-01
9.999999902988829348e+00,9.999991813711011091e+00,2.051572216729906362e-01
1.000000108725094528e+01,1.000000531935174664e+01,2.051570579331177535e-01
9.999996477622037361e+00,1.000000798620924769e+01,2.051622381803975825e-01
1.000000070617777759e+01,9.999990468178351577e+00,2.051646353920207333e-01
9.999997899649882172e+00,9.999997623294055060e+00,2.051549328880943879e-01
1.000000175399216573e+01,9.999998162980288541e+00,2.051565916188860528e-01
1.000000146810700485e+01,1.000000192764488460e+01,2.051671770507184911e-01
9.999999015286315185e+00,9.999994063489616281e+00,2.051561990245283351e-01
9.999993244682295668e+00,1.000000540677163308e+01,2.051533427065684312e-01
1.000000580932309724e+01,9.999999046536290237e+00,2.051572831473933711e-01
1.000000179047339444e+01,1.000000015796849340e+01,2.051514987139141377e-01
9.999995981443657200e+00,9.999998102209872286e+00,2.051528077616985302e-01
1.000000882852929429e+01,9.999997938858982138e+00,2.051608309390500207e-01
9.999994954076136366e+00,9.999997841604269411e+00,2.051594950131256367e-01
9.999997817511967924e+00,9.999999977569466125e+00,2.051533024145430761e-01
9.999998801944668614e+00,9.999996998705649176e+00,2.051597298085257870e-01
9.999991793956075625e+00,9.999995936591076884e+00,2.051582081179945671e-01
9.999999847107654105e+00,9.999996044431069819e+00,2.051573961025686121e-01
1.000000082793026479e+01,1.000000109630114586e+01,2.051592621347772816e-01
9.999996646893526631e+00,9.999999298869250097e+00,2.051585958996428316e-01
9.999996836300455882e+00,9.999990274459591433e+00,2.051641198489070617e-01
9.999999386593666273e+00,9.999992397079781270e+00,2.051533539106274451e-01
1.000000238554008192e+01,9.999994438195535906e+00,2.051623333511586877e-01
1.000000104473930662e+01,1.000000105824462260e+01,2.051606746325175812e-01
1.000000349861322135e+01,9.999995334711371697e+00,2.051576947264786288e-01
9.999996137659993067e+00,9.999994941601704213e+00,2.051518934108877423e-01
1.000000290743933284e+01,1.000000026293907318e+01,2.051507334979878472e-01
9.999997461863534554e+00,9.999997409806015369e+00,2.051558249244765098e-01
9.999998351595628776e+00,9.999998076848507722e+00,2.051552595373420107e-01
9.999995649434463729e+00,9.999995718273241962e+00,2.051581993747440547e-01
9.999998214409163921e+00,1.000000753481975302e+01,2.051579033445562472e-01
1.000000588974826776e+01,9.999998045381103040e+00,2.051561590590150752e-01
9.999996718416285901e+00,1.000000036163203632e+01,2.051543851561748455e-01
1.000000037876960413e+01,9.999996971985375183e+00,2.051599504680863550e-01
9.999996946310114154e+00,9.999994402994122566e+00,2.051549861818600384e-01
1.000000632437406445e+01,9.999996975814362088e+00,2.051595710541633255e-01
1.000000051075177510e+01,1.000000061720744604e+01,2.051556067016470086e-01
1.000000089011662041e+01,9.999991208895496086e+00,2.051649942023580642e-01
9.999993386786208305e+00,9.999997741156930076e+00,2.051604777395500678e-01
9.999989401585146709e+00,1.000000295026099373e+01,2.051569695463417164e-01
1.000000556888713810e+01,1.000000549890494916e+01,2.051524231356977590e-01
1.000000602678840700e+01,1.000000287633665685e+01,2.051523343454331461e-01
9.999989680813923698e+00,1.000000451506630306e+01,2.051557143423719531e-01
9.999998150976763256e+00,9.999999199834931574e+00,2.051573157410074566e-01
9.999997374986403287e+00,9.999991761227189357e+00,2.051558483788312737e-01
1.000000050405488139e+01,9.999995348834488595e+00,2.051552623053851943e-01
1.000000602352868384e+01,1.000000517057550020e+01,2.051529826263827350e-01
1.000000311436747502e+01,1.000000322405702136e+01,2.051550114283217374e-01
1.000000006308751210e+01,1.000000058266620329e+01,2.051527310632596524e-01
1.000000184420081162e+01,9.999997911621777646e+00,2.051559369876865269e-01
9.999994994529391334e+00,9.999996719901879771e+00,2.051554738734105710e-01
1.000000163370386552e+01,9.999997373042017301e+00,2.051535307269377606e-01
1.000000006055535984e+01,9.999993122303290960e+00,2.051571170803176414e-01
9.999998168547495681e+00,9.999996290994525694e+00,2.051563149070242953e-01
9.999997909719894551e+00,9.999996861232514078e+00,2.051507039724798365e-01
9.999994131634020178e+00,9.999997000322689900e+00,2.051603000100338803e-01
9.999997962955694319e+00,1.000000156248360028e+01,2.051508738584771341e-01
9.999998912478021751e+00,1.000000268960778804e+01,2.051557605252624650e-01
9.999998499602186897e+00,1.000000419488804759e+01,2.051543060124997042e-01
9.999996583175406073e+00,9.999996088375747050e+00,2.051572643701791432e-01
9.999998152320650036e+00,1.000000277323312403e+01,2.051575883530886990e-01
9.999997038320929121e+00,1.000000606150026705e+01,2.051623616189682531e-01
1.000000044478812988e+01,1.000000145337324398e+01,2.051605812841968968e-01
9.999998054201977737e+00,1.000000254479377304e+01,2.051619418160662012e-01
9.999997239264951432e+00,9.999992251284524514e+00,2.051655175335780901e-01
1.000000279919109580e+01,1.000000148458255644e+01,2.051602954362606590e-01
9.999998361540878733e+00,1.000000313286159859e+01,2.051579205949017048e-01
9.999996047811309907e+00,9.999993822376069375e+00,2.051565571979244162e-01
1.000000689976030444e+01,9.999999612873690324e+00,2.051564902049591299e-01
9.999999157143093953e+00,9.999992809842982666e+00,2.051522524152918081e-01
1.000000513449912631e+01,9.999998747100589114e+00,2.051526631743697260e-01
1.000000200783941473e+01,9.999997765618537926e+00,2.051488917785560251e-01
1.000000164808357361e+01,9.999997726857980496e+00,2.051582943423200245e-01
1.000000303253757394e+01,1.000000068301482159e+01,2.051555335274411196e-01
1.000000206396508950e+01,9.999990535283570736e+00,2.051550256176953857e-01
9.999994229680584823e+00,9.999998159388464813e+00,2.051606018437033552e-01
1.000000655233427516e+01,9.999994614035678353e+00,2.051524064949448445e-01
1.000000346436059218e+01,1.000000744507569017e+01,2.051642324452346566e-01
1.000000282646199778e+01,9.999992217066441924e+00,2.051634378985640605e-01
9.999999967979814386e+00,1.000000275720419829e+01,2.051502766912833287e-01
9.999999906085880852e+00,9.999996112794487857e+00,2.051630142917066357e-01
9.999997473505249701e+00,9.999998057861388290e+00,2.051581337862915522e-01
9.999995013694942259e+00,9.999996928704588228e+00,2.051555282199518659e-01
1.000000940111966585e+01,9.999996898807886225e+00,2.051550976036645435e-01
1.000001282749797937e+01,9.999998809317437676e+00,2.051543367056689326e-01
1.000000012904522961e+01,9.999998599637120122e+00,2.051539076853882981e-01
1.000000510018207400e+01,9.999988469184710738e+00,2.051630524949081547e-01
9.999992831131434556e+00,1.000000205864417069e+01,2.051557826177047017e-01
1.000000488610189109e+01,1.000000025707715778e+01,2.051515087470642817e-01
9.999999037230868026e+00,1.000000074476557721e+01,2.051514938251649822e-01
1.000000107725420584e+01,1.000000109490510347e+01,2.051556283207231490e-01
1.000000288505472490e+01,9.999988245823576705e+00,2.051569927286515660e-01
1.000000013646041808e+01,9.999993676717643609e+00,2.051644163312139058e-01
9.999995005278094595e+00,9.999998481054745980e+00,2.051663467185664558e-01
1.000000848774774909e+01,9.999988715398151484e+00,2.051579719500961074e-01
1.000000168995186733e+01,9.999994251198177864e+00,2.051556349252050271e-01
1.000000363508908663e+01,9.999995175853293006e+00,2.051600449398190973e-01
1.000000095224397434e+01,9.999991276951398333e+00,2.051482565850829554e-01
9.999998299673213964e+00,9.999998599377455832e+00,2.051520234209416871e-01
1.000000648215121757e+01,1.000000209044433497e+01,2.051496510390533046e-01
1.000000099327955638e+01,1.000000194841164181e+01,2.051577124518382533e-01
1.000000294782231691e+01,9.999988570165848856e+00,2.051655002660406069e-01
9.999998873878027439e+00,1.000000565803615693e+01,2.051563543845984217e-01
9.999993074175424823e+00,9.999997126488958443e+00,2.051572748238480737e-01
1.000000948201871509e+01,1.000000368580485599e+01,2.051594493330912983e-01
1.000000067657771652e+01,9.999995534630349070e+00,2.051573944271576355e-01
1.000000465384799320e+01,9.999995270372457057e+00,2.051536795569924854e-01
1.000000047629340116e+01,9.999991710564930969e+00,2.051560138789115528e-01
1.000000539606044114e+01,9.999997783127007267e+00,2.051548716921634263e-01
9.999999378098037184e+00,9.999992137994361485e+00,2.051575546066395916e-01
1.000000007523202328e+01,9.999998506521201591e+00,2.051529348578129963e-01
1.000000332653432977e+01,9.999998756170304759e+00,2.051548139024862438e-01
9.999998710178587658e+00,9.999995631811685826e+00,2.051557425691739600e-01
9.999995789558651538e+00,1.000000061465470580e+01,2.051600351848585913e-01
9.999996522549464473e+00,9.999993846374275464e+00,2.051539917022846826e-01
1.000000173922160585e+01,1.000000027926523494e+01,2.051601979531092468e-01
1.000000797962682419e+01,9.999995564033643092e+00,2.051576786712696054e-01
1.000000409670881218e+01,9.999991992306350497e+00,2.051528797571180729e-01
9.999997499821430935e+00,9.999999042879776923e+00,2.051531935883495472e-01
1.000000157269850831e+01,9.999993973449331719e+00,2.051580318890090238e-01
1.000000276025120449e+01,9.999993672783514143e+00,2.051613047402960632e-01
1.000000311726148183e+01,9.999995948516934519e+00,2.051596512239380055e-01
1.000000228253186307e+01,1.000000083335745416e+01,2.051556971331934820e-01
1.000000439301232191e+01,9.999997748585235158e+00,2.051546707373769762e-01
9.999991813961214504e+00,1.000001386804179759e+01,2.051530442108933372e-01
9.999994348525966359e+00,1.000000267096570106e+01,2.051520925862252154e-01
9.999997048994002213e+00,1.000000552626480044e+01,2.051492762978523177e-01
1.000000256563916601e+01,9.999996006801314508e+00,2.051523565590562814e-01
1.000000474372799886e+01,9.999999704570951664e+00,2.051599174695320493e-01
9.999996525999065966e+00,9.999989340378309777e+00,2.051559057960211929e-01
9.999997422010903136e+00,1.000000077488269845e+01,2.051595665047504791e-01
9.999998266351971310e+00,9.999992479329085526e+00,2.051575503956276636e-01
1.000000427526044788e+01,9.999988923476776037e+00,2.051555579575992661e-01
1.000000460965103777e+01,1.000000185521094309e+01,2.051508510108118744e-01
1.000000435628075834e+01,9.999999800346124346e+00,2.051490345352816602e-01
1.000000399850009281e+01,1.000000216775577222e+01,2.051586410628636614e-01
9.999999800346959233e+00,9.999996788261794833e+00,2.051544738113731392e-01
1.000000791648096055e+01,9.999999041368674568e+00,2.051584733997167953e-01
9.999998268243283306e+00,9.999990776171943097e+00,2.051563991758697247e-01
1.000000255273472050e+01,9.999992189898014416e+00,2.051628768567458072e-01
1.000000463703397457e+01,9.999997031032998862e+00,2.051554325116546340e-01
9.999994012729702675e+00,9.999998075732028369e+00,2.051561495038963512e-01
1.000000308051012432e+01,1.000000328336583877e+01,2.051524984196950174e-01
9.999993207724005018e+00,1.000000583219128103e+01,2.051553872938285950e-01
1.000000098361024037e+01,9.999988410921076820e+00,2.051648156499913389e-01
9.999995863344706137e+00,9.999995421334979540e+00,2.051533703439769318e-01
9.999999799159617453e+00,9.999996133855022507e+00,2.051571343000967718e-01
1.000000259576684947e+01,9.999997868758212505e+00,2.051565080816527831e-01
1.000000064797239929e+01,9.999999432591819115e+00,2.051518261577734425e-01
1.000000576870794688e+01,9.999999245359779465e+00,2.051579274732595326e-01
1.000000041136933859e+01,1.000000140477101596e+01,2.051517069200345933e-01
9.999997905810701582e+00,1.000000230228763343e+01,2.051536900517620110e-01
9.999998324062604027e+00,9.999994655959724810e+00,2.051610848006893140e-01
1.000000086476041261e+01,9.999997008350039351e+00,2.051562558574607509e-01
9.999999187754907481e+00,9.999997861734689408e+00,2.051491994974696531e-01
1.000000547583074351e+01,1.000000137492041397e+01,2.051585426946406776e-01
1.000000469647137713e+01,9.999995084818470659e+00,2.051595322971982438e-01
9.999999733887429798e+00,1.000000013989983039e+01,2.051522586332466258e-01
1.000000558488205016e+01,9.999997476017306042e+00,2.051522041998762591e-01
1.000000310835928374e+01,1.000000213285289341e+01,2.051461016241900859e-01
1.000000394980905405e+01,9.999999703754612668e+00,2.051574990254518560e-01
9.999999151214101545e+00,9.999999426302517591e+00,2.051568189985908675e-01
9.999991752167268544e+00,9.999996585710864139e+00,2.051628892544745952e-01
1.000000258506443451e+01,9.999990087476259504e+00,2.051598566585069172e-01
1.000000225284891897e+01,9.999998209678711447e+00,2.051648881116698298e-01
1.000000128014479017e+01,9.999999354761145653e+00,2.051575545693825053e-01
9.999997772210935665e+00,9.999998851440571102e+00,2.051577904933065688e-01
9.999998360934052144e+00,1.000000112048502920e+01,2.051519674882080757e-01
9.999998068720115540e+00,9.999998277127156499e+00,2.051537847333388676e-01
1.000000108153846234e+01,1.000000102616494146e+01,2.051617680959850476e-01
1.000000706034478881e+01,1.000000535593542672e+01,2.051648052113047849e-01
1.000000153074429754e+01,1.000000059046986323e+01,2.051562853487306493e-01
9.999999572422954230e+00,9.999999400352978185e+00,2.051549031356102726e-01
9.999999156030062508e+00,1.000000084636816489e+01,2.051520599571564907e-01
1.000000704960810971e+01,9.999998400810623522e+00,2.051578205398034427e-01
1.000000075653512610e+01,1.000000049475615249e+01,2.051544277229905566e-01
9.999996986234018337e+00,9.999986203196645107e+00,2.051625734228553211e-01
1.000000071208702046e+01,9.999999151365752681e+00,2.051551178673269304e-01
1.000000008179675959e+01,1.000000106309123105e+01,2.051557108962843157e-01
9.999998175761742658e+00,9.999996269938570492e+00,2.051618226821318725e-01
9.999990398204888109e+00,9.999998314326770554e+00,2.051568467018297925e-01
1.000000709828315237e+01,9.999997003525418648e+00,2.051603388351817547e-01
1.000000237918538026e+01,9.999995364800611242e+00,2.051553277384881857e-01
1.000000845372555780e+01,1.000000296493296048e+01,2.051485347773671086e-01
1.000000078900446887e+01,9.999993858130428848e+00,2.051568829915005887e-01
1.000000147644595927e+01,9.999989885949691626e+00,2.051583807635780632e-01
9.999999596137991276e+00,9.999999934145581193e+00,2.051460855379486636e-01
1.000000527503431869e+01,1.000000183480640636e+01,2.051546452978340040e-01
9.999999354002156338e+00,9.999997209380280694e+00,2.051518289570302689e-01
9.999996655509566068e+00,9.999999063673447708e+00,2.051622693984862800e-01
9.999994006077679742e+00,9.999994047016068421e+00,2.051552144336972194e-01
9.999994122993523860e+00,1.000000030966009668e+01,2.051579487465328977e-01
9.999993694697568714e+00,9.999995372222839407e+00,2.051558341393424356e-01
1.000000494446445387e+01,9.999990159698493031e+00,2.051619937117051262e-01
1.000000348103754888e+01,9.999993229084015667e+00,2.051552383682369030e-01
9.999991046609839174e+00,9.999996689902779679e+00,2.051533815939249328e-01
1.000000483980519128e+01,1.000000643895005581e+01,2.051512859746232598e-01
1.000000402318460857e+01,9.999999318364434231e+00,2.051576644936085048e-01
9.999993758254403176e+00,1.000000186821481662e+01,2.051551354424810680e-01
9.999996601717654698e+00,1.000000153173619744e+01,2.051492445669826359e-01
1.000000584684470617e+01,1.000000167450195043e+01,2.051616764011871263e-01
1.000000096153025453e+01,9.999992707007983483e+00,2.051550210568158505e-01
1.000000069130161329e+01,9.999998555853794713e+00,2.051576139648575714e-01
1.000000721360566658e+01,9.999998627256838191e+00,2.051588576788552498e-01
9.999996011855175837e+00,9.999998042563724709e+00,2.051556935695498241e-01
9.999998996137497542e+00,9.999997847444332066e+00,2.051586752277196335e-01
1.000000194942198206e+01,9.999999168387772031e+00,2.051565866719629594e-01
1.000000572521681086e+01,9.999995383902485102e+00,2.051507515528410430e-01
9.999996853500141114e+00,9.999994846455624753e+00,2.051533395870397680e-01
1.000000611700149911e+01,9.999991160606075624e+00,2.051560815415783834e-01
1.000000078861480901e+01,1.000000125782886862e+01,2.051588976053573821e-01
1.000000237917643631e+01,1.000000276045721037e+01,2.051567255869505002e-01
9.999998493184961035e+00,1.000000555902981603e+01,2.051568206094200320e-01
1.000000294009975299e+01,9.999989227450651441e+00,2.051501986229943009e-01
1.000000040517045719e+01,9.999999782670887072e+00,2.051620629338452295e-01
1.000000089639376633e+01,9.999989998447928130e+00,2.051654813417600198e-01
9.999992878290756337e+00,9.999995243827433100e+00,2.051602954999733608e-01
1.000000188897031173e+01,9.999998997393250377e+00,2.051496046688938979e-01
1.000000222341629730e+01,9.999997962780144078e+00,2.051547220807965755e-01
9.999997734641986824e+00,9.999999715949646983e+00,2.051552327709147971e-01
1.000000179719812543e+01,9.999995922886711242e+00,2.051514506653405734e-01
1.000000399458729561e+01,9.999994642024043756e+00,2.051502761877994074e-01
9.999999896102272245e+00,9.999991564056786686e+00,2.051581864571235814e-01
9.999998282398793847e+00,9.999997851178495267e+00,2.051549485409791818e-01
9.999998493179047543e+00,9.999998746705001551e+00,2.051615058909115052e-01
1.000000397394390461e+01,9.999989430939038471e+00,2.051560129739821992e-01
9.999999630409307727e+00,9.999996329359415626e+00,2.051560247509600643e-01
9.999999301662276352e+00,9.999994221730950983e+00,2.051503882478768470e-01
9.999996580091071507e+00,9.999995499684789735e+00,2.051539174713583047e-01
9.999999943221229870e+00,9.999998396694630642e+00,2.051487525873919027e-01
9.999998931569614058e+00,9.999998539100486639e+00,2.051520556886524405e-01
1.000000563680641186e+01,1.000000241965379821e+01,2.051621556411288017e-01
9.999994884709831666e+00,1.000000439970109056e+01,2.051597537574619823e-01
9.999996183912418957e+00,9.999997021670656849e+00,2.051593382075827809e-01
9.999994532985326146e+00,9.999999533969290866e+00,2.051572197387124541e-01
1.000000640299328580e+01,1.000000358015494584e+01,2.051562384143589546e-01
9.999989001712524583e+00,9.999989707708246911e+00,2.051622300457032755e-01
1.000000873672872181e+01,1.000000283664987677e+01,2.051511998781633817e-01
1.000000218516288086e+01,1.000001002993252364e+01,2.051508740851042123e-01
9.999997860323784238e+00,9.999997490227702457e+00,2.051622514601673108e-01
9.999999289623950460e+00,9.999998270058732430e+00,2.051450785689968026e-01
9.999999500876276315e+00,9.999998631000593718e+00,2.051582668927160735e-01
1.000000339257970339e+01,9.999997436457467970e+00,2.051566908304015835e-01
9.999994955885107117e+00,1.000000363871714448e+01,2.051661565528474784e-01
1.000000052678467810e+01,9.999992538040773482e+00,2.051575395299329863e-01
1.000000087594633769e+01,1.000000188916625454e+01,2.051596784090806425e-01
9.999999444508249624e+00,9.999998848620151648e+00,2.051493553733201025e-01
9.999993630428864577e+00,9.999991486616906400e+00,2.051561172477365802e-01
1.000000109484720490e+01,9.999994859763800648e+00,2.051538218318013640e-01
1.000000688687936901e+01,9.999992073993340114e+00,2.051625200725942511e-01
9.999991515435716849e+00,1.000000239968081139e+01,2.051574095102676465e-01
1.000000412292220453e+01,9.999994422619609580e+00,2.051588500659511649e-01
9.999999861544450752e+00,1.000000035126203635e+01,2.051578341297785324e-01
9.999999816877231495e+00,9.999992155088179402e+00,2.051586443460518827e-01
1.000000273621206937e+01,9.999992560237272343e+00,2.051566724790648832e-01
9.999997368889532723e+00,9.999995115121821598e+00,2.051547434679133475e-01
1.000000157172992310e+01,9.999993735200851219e+00,2.051607208832084694e-01
1.000000204276749471e+01,1.000000092174508737e+01,2.051599160501267893e-01
1.000000218370253435e+01,9.999998878269629188e+00,2.051535856433754634e-01
1.000000141363447526e+01,9.999994503763824483e+00,2.051611721652039644e-01
9.999998457133932206e+00,9.999995404378770658e+00,2.051502303869695565e-01
1.000000014580481356e+01,9.999993483287708429e+00,2.051534389053780161e-01
9.999998804967548338e+00,1.000000227237763895e+01,2.051606894156176586e-01
1.000000236695477618e+01,9.999991710573063131e+00,2.051583156940633423e-01
1.000000017552909881e+01,1.000000511044212459e+01,2.051601353511242343e-01
1.000000089463422270e+01,9.999999226891327808e+00,2.051529795814854840e-01
1.000000348610719847e+01,9.999997018002419580e+00,2.051562036394518618e-01
1.000000002329879045e+01,9.999991398051031766e+00,2.051599904419980080e-01
1.000000178139316631e+01,9.999997854934166597e+00,2.051585785187876321e-01
9.999998971212505694e+00,9.999996705581304823e+00,2.051545990529300700e-01
1.000000095945336120e+01,9.999995746687067921e+00,2.051668086511253264e-01
1.000000240074492197e+01,9.999994834519238651e+00,2.051615702111611317e-01
1.000000238903174932e+01,1.000000049746414277e+01,2.051601618820182993e-01
9.999998259180452820e+00,9.999999425763864025e+00,2.051610053719014615e-01
1.000000161129659837e+01,9.999997821702734768e+00,2.051519712915961524e-01
9.999998272708136682e+00,9.999994483315797211e+00,2.051595885627931215e-01
1.000000300452239443e+01,1.000000154268183650e+01,2.051490044550294822e-01
9.999994341885363625e+00,1.000000080330298502e+01,2.051521475934103556e-01
9.999992268673079110e+00,1.000000643145178891e+01,2.051600780730703510e-01
1.000000067007059279e+01,9.999995272121303458e+00,2.051497285031428641e-01
1.000000124580583893e+01,9.999997616445973847e+00,2.051544975876632704e-01
1.000000333732159952e+01,1.000000475032487657e+01,2.051590158194618319e-01
1.000000340286018208e+01,9.999997785006730311e+00,2.051584316889350779e-01
1.000000722800793262e+01,1.000000188938379608e+01,2.051539271717799373e-01
1.000000624488555800e+01,1.000000061963032039e+01,2.051511447989851356e-01
1.000000128032645819e+01,9.999990501340315419e+00,2.051478601708596472e-01
9.999999898003919085e+00,9.999999201189092801e+00,2.051578524608180243e-01
1.000000121142730869e+01,9.999999555024491116e+00,2.051586205901030913e-01
1.000000486308931258e+01,9.999998063125588033e+00,2.051625781595967091e-01
1.000000785283626747e+01,9.999994004326030250e+00,2.051618782217745907e-01
1.000000155399398949e+01,9.999995212285657686e+00,2.051529334451203945e-01
1.000000107713249875e+01,9.999996640149081628e+00,2.051523064477475955e-01
1.000000168827717495e+01,9.999991608796486631e+00,2.051647150774372763e-01
1.000000171662396831e+01,1.000000232052724769e+01,2.051537499266150866e-01
9.999995754263656167e+00,9.999993630467184147e+00,2.051401214740787293e-01
1.000000087011956751e+01,9.999998809094789110e+00,2.051578139530091660e-01
9.999999471459826594e+00,9.999995190439658899e+00,2.051547148520737329e-01
1.000000477213529138e+01,9.999998384108065963e+00,2.051578927609238323e-01
1.000000317286703222e+01,9.999998893513359022e+00,2.051553608424044328e-01
1.000000234706178937e+01,1.000000737519418692e+01,2.051580242765390083e-01
9.999998948755607131e+00,9.999998767305473990e+00,2.051621935670744079e-01
1.000000718375670417e+01,9.999998309462567292e+00,2.051607173211591750e-01
9.999997438719949727e+00,9.999998121423676167e+00,2.051493196029756383e-01
1.000000106690905533e+01,1.000000335271802498e+01,2.051671874991434219e-01
9.999995926115804679e+00,9.999998874805342552e+00,2.051522617887186484e-01
1.000000131283776206e+01,9.999997787634010038e+00,2.051484959492417270e-01
1.000000176068500046e+01,9.999998237751789532e+00,2.051519134033535086e-01
9.999997654749009257e+00,1.000000020801821243e+01,2.051507129575775024e-01
9.999994116286666568e+00,1.000000306708755105e+01,2.051567946837491441e-01
9.999998424674613418e+00,9.999993457471815006e+00,2.051578829708690654e-01
1.000000201389680754e+01,1.000000185185563417e+01,2.051525797145231089e-01
9.999997123947206745e+00,1.000000082684039171e+01,2.051550585786002523e-01
1.000000594298648871e+01,9.999989957048004641e+00,2.051533389300974064e-01
1.000000339032153462e+01,9.999999481155192882e+00,2.051623115489911720e-01
1.000000358105515907e+01,9.999993331186367129e+00,2.051568610940183446e-01
1.000000173984166096e+01,9.999997640278742495e+00,2.051553988794704853e-01
1.000000552313837687e+01,9.999998054681622506e+00,2.051550658415996486e-01
1.000000719522704706e+01,9.999997015339531004e+00,2.051547993542950088e-01
9.999996961147601837e+00,1.000000000815096257e+01,2.051620329429194312e-01
1.000000359860575472e+01,9.999998638439627996e+00,2.051536257390998153e-01
1.000000126626115993e+01,1.000000024430106826e+01,2.051537590784197340e-01
9.999994824232299351e+00,9.999997506755562426e+00,2.051492668356286742e-01
9.999995032448548926e+00,1.000000490142154241e+01,2.051648740660554915e-01
1.000000136994307098e+01,9.999997893838015628e+00,2.051628428498616374e-01
1.000000214348981409e+01,9.999996211370090649e+00,2.051492593313933299e-01
1.000000304566180453e+01,9.999996591559400017e+00,2.051609740745670707e-01
1.000000498581936270e+01,9.999994007405936358e+00,2.051527033922882215e-01
9.999994114018402769e+00,9.999998789595798243e+00,2.051584840137259391e-01
1.000000347771248776e+01,9.999997567835757550e+00,2.051578944189047238e-01
1.000000110393083830e+01,9.999997432867209213e+00,2.051585085486878623e-01
1.000000604605888199e+01,1.000000605465579895e+01,2.051573956016206901e-01
1.000000705836477088e+01,1.000000165495305282e+01,2.051533526597575374e-01
1.000000725711817573e+01,1.000000564557064564e+01,2.051516381658871069e-01
1.000000142392786096e+01,9.999998273901629986e+00,2.051550240353920140e-01
1.000000896388903548e+01,9.999995441680404440e+00,2.051562916745065801e-01
1.000000646395186266e+01,1.000000262930459805e+01,2.051579249171700536e-01
1.000000167751857916e+01,1.000000020157220959e+01,2.051634356846547269e-01
9.999995322941980902e+00,9.999994340372149182e+00,2.051450103125592173e-01
9.999998163230417347e+00,9.999992818073058842e+00,2.051567043202096041e-01
9.999997692551648498e+00,9.999996925076729326e+00,2.051587627222703214e-01
9.999995088349823646e+00,9.999994389271281037e+00,2.051573237755606460e-01
1.000000118195625021e+01,9.999998329316532875e+00,2.051585682122611387e-01
1.000000282897319792e+01,9.999998346302586327e+00,2.051562699754717611e-01
1.000000453998563366e+01,9.999996773273712947e+00,2.051534638191459814e-01
1.000000219954420011e+01,1.000000852504309101e+01,2.051501679186395477e-01
9.999999075435701101e+00,1.000000002057234028e+01,2.051582738205441903e-01
1.000000519007499022e+01,9.999999227709849947e+00,2.051582405089784900e-01
9.999997709895154685e+00,1.000000218714746758e+01,2.051627635619998336e-01
1.000000240522901862e+01,1.000000388679549346e+01,2.051657168536540621e-01
1.000000239458536200e+01,1.000000444798373245e+01,2.051564118980307994e-01
1.000000582429578877e+01,1.000000195956637938e+01,2.051645929481092645e-01
9.999998903598328326e+00,1.000000399979811938e+01,2.051591638432225251e-01
1.000000523516513340e+01,9.999997486001610980e+00,2.051538637634972018e-01
9.999998803581155116e+00,1.000000040978081550e+01,2.051558451236788483e-01
1.000000135286926550e+01,9.999992910324893458e+00,2.051619573151741427e-01
1.000000465759780610e+01,9.999997462460429531e+00,2.051596529479708109e-01
1.000000362163173939e+01,1.000000233275031114e+01,2.051515168120805477e-01
9.999998972948713316e+00,9.999995398609145880e+00,2.051578818314115649e-01
9.999991927037871875e+00,9.999996644552313185e+00,2.051521133971236088e-01
9.999999967556377101e+00,9.999996189617329279e+00,2.051602381573027212e-01
9.999988437685884080e+00,9.999986756110912367e+00,2.051576826006373255e-01
9.999994655082245387e+00,1.000000379928844474e+01,2.051551454288191023e-01
1.000000498929420978e+01,1.000000064631556462e+01,2.051546257186920019e-01
9.999997480535398608e+00,9.999999789213131152e+00,2.051568537727438968e-01
9.999998861673303097e+00,1.000000130762621886e+01,2.051545186232775764e-01
1.000000625878329252e+01,9.999996622808296820e+00,2.051496831172089641e-01
1.000000172499411377e+01,1.000000602849196873e+01,2.051528464403663266e-01
1.000000400987483751e+01,9.999999443981478109e+00,2.051602587142746514e-01
1.000000347583114468e+01,1.000000136032523557e+01,2.051627686782382942e-01
9.999996433565335963e+00,1.000000049132572855e+01,2.051468920243994520e-01
1.000000188042650251e+01,9.999998896258981418e+00,2.051551292803573956e-01
1.000000499854411551e+01,9.999997483536141374e+00,2.051612678379511889e-01
1.000000267632260176e+01,9.999992445131557162e+00,2.051606894082713128e-01
1.000000204436177675e+01,9.999994800179955234e+00,2.051559086514011532e-01
9.999996334437909695e+00,1.000000008122051653e+01,2.051544796829548600e-01
1.000000425612281418e+01,9.999998255381596479e+00,2.051518265238680416e-01
1.000000495844039072e+01,9.999999063284091605e+00,2.051553023189056635e-01
1.000001338434452336e+01,1.000000030333874790e+01,2.051596325778285712e-01
9.999995950317265070e+00,9.999995684408190755e+00,2.051533247053087816e-01
1.000000697138190020e+01,1.000000141719897329e+01,2.051588947587557055e-01
1.000000465367520519e+01,1.000000585128180397e+01,2.051535261855540471e-01
1.000000464103021613e+01,1.000000236211625726e+01,2.051571563510021234e-01
9.999999443225059181e+00,9.999996978709139839e+00,2.051581112410737484e-01
1.000000054446257103e+01,9.999993628348002872e+00,2.051626304276093493e-01
9.999992524077702782e+00,9.999993949226997358e+00,2.051497987883053598e-01
9.999995602576662534e+00,9.999995697009985918e+00,2.051517666885832591e-01
9.999994826523531444e+00,1.000000140025365347e+01,2.051476726940847650e-01
9.999999978796545008e+00,9.999999487023993439e+00,2.051582221359173619e-01
1.000000022372612385e+01,9.999998750898782873e+00,2.051531508684768801e-01
1.000000022328452332e+01,1.000000432424878483e+01,2.051542866225513628e-01
1.000000476573961805e+01,1.000000351237373053e+01,2.051569225263146778e-01
1.000000379589618582e+01,9.999999504996520017e+00,2.051571323518996959e-01
1.000000355691605947e+01,1.000000648911864509e+01,2.051534451138007920e-01
1.000000268635941936e+01,1.000000050962205655e+01,2.051628105818523173e-01
1.000000212120921184e+01,9.999993949089144962e+00,2.051537740336276394e-01
1.000000333446960887e+01,9.999999797594655959e+00,2.051516567976386929e-01
9.999992409584672615e+00,9.999992708088955240e+00,2.051550741053027593e-01
9.999996518961127734e+00,9.999995995023656548e+00,2.051582934861831686e-01
9.999997819162050661e+00,9.999996638445901809e+00,2.051534821242728679e-01
1.000000530247823782e+01,9.999997982074217973e+00,2.051580299039120203e-01
1.000000125380444871e+01,1.000000109059119779e+01,2.051569094781030556e-01
1.000000604904787060e+01,1.000000168061877304e+01,2.051547897318355684e-01
1.000000281790209655e+01,9.999997739571904631e+00,2.051531223939513093e-01
1.000000228754323928e+01,1.000001065963608227e+01,2.051544467223629098e-01
9.999997308775151694e+00,1.000000538020275442e+01,2.051591101195279210e-01
9.999999145066137629e+00,1.000000352943278159e+01,2.051583178999628887e-01
1.000000211392861438e+01,1.000000097765498275e+01,2.051566985054387449e-01
9.999997478208372925e+00,1.000000003247544811e+01,2.051601109883390284e-01
1.000000100639235612e+01,9.999999259133000251e+00,2.051647777698252240e-01
1.000000437849897672e+01,9.999996824326025546e+00,2.051570044418684347e-01
9.999999221687394524e+00,1.000000215080186372e+01,2.051562782535055751e-01
1.000000193430655671e+01,9.999999141827245808e+00,2.051539585135574162e-01
1.000000315475818979e+01,1.000000097329825977e+01,2.051602855256602909e-01
1.000000318038528491e+01,9.999999108675945436e+00,2.051625446637270200e-01
1.000000205205120629e+01,9.999993877918186058e+00,2.051581179498737639e-01
1.000000520332519116e+01,9.999995149805586792e+00,2.051567100704458912e-01
9.999996398851028090e+00,9.999998064321133029e+00,2.051558554715041116e-01
1.000000644027839414e+01,1.000000139032871260e+01,2.051468309777587373e-01
1.000000633137758044e+01,1.000000003628771772e+01,2.051541430583927739e-01
9.999996849587914127e+00,9.999993612086679917e+00,2.051600341422854523e-01
9.999997899179392746e+00,9.999998747382893072e+00,2.051615039694709708e-01
9.999994611024138891e+00,1.000000488000780940e+01,2.051587267407737891e-01
1.000000374783012802e+01,9.999999120857108181e+00,2.051616165279084303e-01
1.000000093069370344e+01,1.000000284382654847e+01,2.051589652842868150e-01
9.999997551885879687e+00,9.999997447415069018e+00,2.051581611792013815e-01
1.000000892788453655e+01,1.000000170973241964e+01,2.051574093160225820e-01
9.999999000062032906e+00,1.000000335176480348e+01,2.051589820935274533e-01
1.000000329423085610e+01,1.000000110071761839e+01,2.051602278280336700e-01
1.000000826576130386e+01,9.999998222539444370e+00,2.051536551381621665e-01
1.000000034631160339e+01,9.999995706921644967e+00,2.051618877034006860e-01
9.999997039169549851e+00,9.999994470334470975e+00,2.051618644263020486e-01
1.000000228821243198e+01,9.999990079843124491e+00,2.051628296296021392e-01
9.999997479747804618e+00,9.999996985155064522e+00,2.051489323435161660e-01
9.999996191059384643e+00,1.000000098923742620e+01,2.051552430477640021e-01
9.999995806358422001e+00,9.999993815529350627e+00,2.051548399748441831e-01
9.999998320198912438e+00,9.999994803392812770e+00,2.051517955185503672e-01
9.999992477501793431e+00,9.999997305866083153e+00,2.051543602169349223e-01
9.999994575857426682e+00,1.000000093588009697e+01,2.051568682935487054e-01
1.000000398477545183e+01,1.000000004109532803e+01,2.051521830705823335e-01
1.000000154596292035e+01,1.000000576521504314e+01,2.051620839893907866e-01
1.000000404540199206e+01,9.999993396611950303e+00,2.051649347942934853e-01
1.000000399863519540e+01,9.999997284149172216e+00,2.051545510850978637e-01
1.000000597148733128e+01,1.000000014269902238e+01,2.051617840744767163e-01
9.999996031611312119e+00,1.000000356757648312e+01,2.051649487022705887e-01
1.000000817893458915e+01,9.999998184477211893e+00,2.051583730362396274e-01
1.000000552957953737e+01,9.999993418907013876e+00,2.051553310913921124e-01
1.000000395660275210e+01,9.999995062059918283e+00,2.051512989330352976e-01
9.999994895119218796e+00,9.999998017520198346e+00,2.051575022555147954e-01
1.000000194925838670e+01,1.000000293433639520e+01,2.051584134535941184e-01
1.000000325088833009e+01,9.999993287831802746e+00,2.051579459182758247e-01
9.999998152328659629e+00,9.999997842413163696e+00,2.051561481120386665e-01
9.999995057635535645e+00,9.999999676313329644e+00,2.051598917427795155e-01
1.000000641214766084e+01,9.999998729310538792e+00,2.051476177155950598e-01
1.000000456593605769e+01,9.999997283002519666e+00,2.051574325479804950e-01
9.999997693190509906e+00,9.999992914408940337e+00,2.051586434650708723e-01
9.999996545046418106e+00,1.000000360114336750e+01,2.051640049295960222e-01
1.000000312010145009e+01,1.000000195515028345e+01,2.051615736781557398e-01
9.999997786801539945e+00,1.000000597384410561e+01,2.051456494462263469e-01
9.999990858075239686e+00,1.000000064059816296e+01,2.051525018719576321e-01
9.999998949173042107e+00,1.000000045202033050e+01,2.051573239712809471e-01
9.999999263256174942e+00,1.000000018276589309e+01,2.051591672712993197e-01
1.000000121323758684e+01,1.000000123536583274e+01,2.051608441400894767e-01
1.000000406093952066e+01,1.000000892029007460e+01,2.051651580531703434e-01
9.999997091766557489e+00,1.000000110707184575e+01,2.051572111404340315e-01
1.000000162101504664e+01,1.000000180274119543e+01,2.051491496598315534e-01
1.000000749971144209e+01,9.999998731717552047e+00,2.051591094501704349e-01
9.999997931698784370e+00,9.999995824494073204e+00,2.051530358766897044e-01
9.999999414918848473e+00,9.999991036982407877e+00,2.051606761582683847e-01
9.999995538775053205e+00,1.000000738384411925e+01,2.051556136285477838e-01
1.000000852785363925e+01,9.999985831236955391e+00,2.051639510260514498e-01
1.000000355609795122e+01,1.000000318179131398e+01,2.051542603295783695e-01
1.000000754998812980e+01,1.000000386017780762e+01,2.051529260326325488e-01
9.999997075812219194e+00,9.999997182318406175e+00,2.051564559581312563e-01
9.999999107734213410e+00,9.999998154509974313e+00,2.051566035035933266e-01
1.000000315401515572e+01,1.000000084402070044e+01,2.051545509060042627e-01
1.000000268993828101e+01,9.999988665923192244e+00,2.051515474057330202e-01
9.999997806078381402e+00,1.000000016311858708e+01,2.051512018334634146e-01
1.000000406798928765e+01,9.999990980909954530e+00,2.051633536724716822e-01
1.000000450721876710e+01,9.999994667259807457e+00,2.051526483442031590e-01
9.999995729106961662e+00,9.999998741217916987e+00,2.051540982133916724e-01
9.999997959479475895e+00,9.999998418085112917e+00,2.051479973174084870e-01
9.999997376869009358e+00,9.999998511322617745e+00,2.051574887662393210e-01
1.000000259319748430e+01,9.999998251150483242e+00,2.051645542695401669e-01
9.999998691396847050e+00,9.999998353093703329e+00,2.051609438029076693e-01
9.999996191948168800e+00,9.999996023381735100e+00,2.051597841009907830e-01
1.000000276936732035e+01,9.999995814047167642e+00,2.051612901730215377e-01
9.999997038741559763e+00,9.999991088615932000e+00,2.051656940998756451e-01
9.999998019184310749e+00,1.000000300942048703e+01,2.051593352732633824e-01
1.000000681034642369e+01,9.999998949608874810e+00,2.051581912419794262e-01
9.999997164774413250e+00,1.000000415390335284e+01,2.051464321782761058e-01
1.000000333849056666e+01,1.000000371620162021e+01,2.051629127079022119e-01
9.999998109641303756e+00,9.999996622348620079e+00,2.051472992367459336e-01
1.000000074770387393e+01,9.999996298132689532e+00,2.051578029185299745e-01
9.999998173297804271e+00,9.999994898795257825e+00,2.051615274013371959e-01
1.000000587120075402e+01,1.000000501121747121e+01,2.051579330566862813e-01
9.999999924874474644e+00,9.999998270753845730e+00,2.051616396365261441e-01
1.000000411596540317e+01,1.000000599103504584e+01,2.051532891709708928e-01
9.999997651756981298e+00,1.000000558997352051e+01,2.051572216921016267e-01
1.000000175902265909e+01,9.999999479488183241e+00,2.051590883218054051e-01
9.999997094488684013e+00,9.999992986448898336e+00,2.051551968669248216e-01
9.999996676313619659e+00,9.999995522045708185e+00,2.051567536798152291e-01
1.000000206333759323e+01,1.000000430415930452e+01,2.051615800015544611e-01
1.000000452800379414e+01,1.000000256273358801e+01,2.051498534725680889e-01
9.999996379995454987e+00,1.000000039866297996e+01,2.051580853011842065e-01
9.999998769957684885e+00,9.999994738223737301e+00,2.051587727070986189e-01
9.999996724962342043e+00,9.999999079074594732e+00,2.051534568831426819e-01
1.000000113113766176e+01,9.999996453979216327e+00,2.051549190744499929e-01
