gyro_x,gyro_y,gyro_z
-3.026913371954033870e-04,1.923607704813401411e-04,-4.130383324177873731e-04
-5.778044359063439113e-05,7.258694884899198456e-05,-6.664161124028591260e-06
7.156209512424802207e-04,-8.965903078842308389e-05,-5.881242187402981004e-04
-5.544561027029113257e-04,3.295999972684972475e-04,1.347854403080384067e-04
-7.730031411395534664e-04,6.824909121945437569e-04,4.200982060594765448e-04
1.427012219565089157e-05,3.024729807007503447e-04,4.831538929390022537e-04
-7.296566966020724069e-05,4.185701434722555593e-04,1.855945012738963258e-05
8.119290824160603297e-05,-2.021835623782331667e-05,1.521234425644815561e-04
-2.362132317767108981e-04,-2.211812147764793794e-04,-3.834817574797708259e-04
3.929331435059108630e-04,1.782410666999827121e-04,1.832581709002664315e-04
-1.883098408511230256e-04,-1.973880889545824168e-04,-4.315288622699233563e-04
-5.984579032019627038e-05,2.445869462664691319e-04,-7.458237516906718431e-05
2.408572660101714925e-04,9.278651095255201035e-04,1.579610618261224832e-04
2.212322288513678137e-04,9.171049432647175213e-05,3.782639998843933204e-04
-2.221861105201084968e-05,3.667779877993532613e-04,-8.450048299978060013e-05
-3.746311170338121103e-04,-5.283128184575518606e-05,-4.464362398465182764e-04
-3.077999832295231749e-04,1.405241210941545046e-04,2.376129761657797478e-04
-1.847653618648382621e-04,2.208045274908093149e-04,3.337419727889779806e-04
-2.422206471482721941e-04,3.863299905371007817e-04,-1.336407949843342773e-04
-2.295627591742329407e-04,3.587267481362057305e-04,2.641242951873847022e-04
-2.265283718541878601e-04,7.432212977104651853e-04,1.524011994050451628e-04
-1.850292912566474553e-04,7.502486109438009107e-05,-3.743934174740588404e-04
1.693455531529280023e-04,-2.521059549472292835e-04,-3.011750358425275566e-04
5.586890439835811174e-04,-4.355867162028450906e-04,-3.999147580394058973e-04
6.315441475262094525e-05,-2.949962949692497153e-04,2.293136042609612325e-04
-3.533527701049582383e-04,5.494972713214519872e-04,-5.168476044623502566e-04
-6.173020151144805422e-04,-2.379745252326227639e-05,1.554112557168192135e-04
1.980202744480940029e-04,-3.828470890322365687e-04,-3.437611108409731092e-04
-3.696001595762910766e-04,2.155612982563514114e-04,-5.727207083350482956e-05
6.086586750579325530e-05,-1.677067543233937835e-04,-1.604835814145683472e-04
5.752365531855508805e-04,4.245401895430837001e-04,-1.813109889441261722e-04
-2.885933304295852639e-05,4.265689600339051283e-04,-7.438156005746960329e-05
1.000655938686350390e-04,1.387407146422796691e-04,-2.285373512903175926e-04
2.114969164131127218e-04,-4.667541951686843792e-04,3.662476417869219264e-06
4.911020960137505408e-04,3.990167715466703193e-05,3.763211630098038337e-04
-2.462665884886818608e-04,-8.078214513922610425e-04,1.706731307909174951e-04
-4.408043333295560582e-04,3.278867247995454664e-04,2.073340617061994126e-04
-9.981351920053494289e-05,-1.358577284869417199e-04,3.065483595794179378e-05
-4.886360125297751524e-04,-1.896997407687020900e-04,1.687819182233922413e-04
4.096082962239279814e-04,2.485639066189361058e-04,-2.165018522303414114e-04
-1.155640963673531640e-04,4.338945966856557358e-04,-3.512141536307560749e-06
-1.205256121296764579e-04,8.995364313008438230e-04,-2.935142925817884772e-04
2.599412440511300235e-04,-1.685946978167608017e-04,4.328148554001016291e-05
-4.659251731042960971e-04,-5.674323360431408891e-04,4.729107057830129221e-04
2.549868530164377733e-04,-3.810409831650845121e-05,5.330225791985740511e-04
-3.497153500139992921e-04,-2.510062379059121627e-04,-2.602961548734674876e-04
9.531156048905809136e-04,2.645514722358376417e-04,-2.087747275871091636e-04
2.835725716173344139e-04,-4.053296946571425803e-04,-8.461550110278418126e-06
-1.227349706992728279e-04,1.794181271574027804e-04,5.240461061710098263e-04
2.567411591864401260e-04,1.546994096240309066e-04,1.046962395830542710e-04
1.092367011923733389e-04,-2.002699791008525211e-04,2.519608932934816318e-04
-2.850515521706211623e-04,1.475112676545603714e-04,-3.599079958803405089e-04
4.850358326890762540e-04,1.639193135055384788e-04,3.011256805122279142e-06
2.067740599652768941e-04,-6.934434434072378689e-05,-4.074658026938588937e-04
-7.432005168176702157e-04,1.541715899112459486e-04,-1.994432737796345099e-04
1.551054171896679569e-04,-1.619218855364707680e-04,-4.357688950945571280e-04
1.182930695470298381e-04,5.538540056298430544e-04,7.989666227243287207e-04
4.904817556516907111e-04,-5.914306949854762261e-05,-6.976994894040142517e-05
3.895956439767514945e-04,9.390580720854555994e-05,3.515311744394170458e-04
-7.372630960583581995e-05,-1.355939139168558908e-04,-9.760456003516039980e-05
-5.393037807542583198e-04,3.265717067543659155e-04,-2.029887276127560183e-04
9.308266751705714646e-05,4.858665244984831651e-04,4.412121258933160797e-04
-3.005737675952478314e-04,2.766977732572003059e-04,1.390910050297051819e-04
3.325466165345973728e-06,1.330094202729758309e-04,2.023953691448920520e-04
-7.877333696551142863e-05,9.156894946145956941e-05,-4.166497382499162244e-04
-6.090960918948748584e-05,9.957277584981768809e-04,-2.266328721993395750e-04
5.675291699821684305e-05,4.803380220987457064e-04,1.797736776588768634e-04
-3.965903140512817344e-05,4.086969996483080379e-04,-1.319183408297283655e-04
1.130747568312637382e-04,-1.599879361033671561e-04,3.919249039102853634e-04
-2.592117840516659403e-05,2.240154486475958088e-05,-5.462640481493028768e-04
5.898920973264323370e-05,-3.646057929670373934e-05,4.153617115887241797e-05
4.772918492281929431e-04,-9.992437361375821800e-05,1.713225746073173859e-04
-3.165685342705913999e-04,4.113413241372554250e-05,-2.546957991015876216e-04
-2.608344959814847680e-04,1.016525914278671979e-03,-1.056747403253582867e-04
1.785907559692403686e-04,-2.125928219532816695e-04,1.505784273935360156e-04
-1.935666810793654007e-04,2.935333232911336741e-04,5.300232051618172400e-04
4.562768466634680472e-04,-4.439434213432228762e-06,-3.202258661081578946e-05
-6.693864930546271060e-05,1.214355059597259579e-04,-1.397824441710306283e-04
-2.668997033556223548e-04,-3.652191125744674491e-04,1.661865242025335645e-04
3.773182224085705320e-04,3.498810343725044830e-04,2.158479267430663700e-04
-1.561359930790238895e-04,3.847195748873014466e-04,1.746184966746708203e-05
-2.113101449753456470e-04,-6.986836400921084457e-06,3.485673578633399121e-04
-9.179083194212321075e-05,1.990652394822923197e-04,-2.088288870345224812e-04
-3.977492739436701871e-04,1.765824941047086907e-05,-3.978303277733666668e-04
-1.175731205127160926e-04,-3.916221933101662130e-05,8.149373964491299881e-05
-3.387280095305937079e-04,-2.409362884059505685e-04,2.173678396873926911e-04
-6.107717048532712058e-04,1.375510803420645965e-04,8.766307535256872554e-05
-1.612635393422188123e-04,-2.764397232718118140e-04,2.568490843264392421e-06
-1.017807384934604971e-05,-4.814480209206369157e-05,3.066807948400242950e-04
4.715537883435803467e-04,5.297302943949765619e-04,-2.650862538248453543e-04
-4.857234769801460519e-04,5.492967806980496174e-04,4.937246554811424186e-04
-3.327511493577841695e-04,4.067668888245439961e-04,-2.016899014260394030e-04
5.143753997352039429e-05,3.490518232090374117e-05,1.912213083233887836e-04
7.652792824686981197e-05,-1.233665378517069902e-04,-2.483606283644578926e-04
-7.967050463841764303e-05,4.732292347287454250e-04,-3.099185605967829938e-05
-1.813978567122290697e-04,2.079965112225137629e-04,1.195102875743488412e-04
-6.189035980695742995e-04,-3.800908609217224497e-04,5.696242123029873847e-04
4.101221089694055081e-04,7.006190741808273692e-04,1.817510743532903587e-04
-5.801033469872813545e-04,4.900204576067770977e-04,-4.722185212220891414e-04
-2.235690297021733654e-05,4.092559886515196167e-04,2.279989703668016223e-04
5.875167214470807366e-04,-3.690072008166985829e-04,-1.086815305001682068e-04
-5.398343182538018880e-04,6.343595125703331040e-04,-7.342054907246425160e-05
-1.459882960973536931e-04,1.676491984866035573e-04,4.165453024628473745e-05
8.368228138533671909e-05,3.236011337650696799e-04,-1.532013382321944486e-04
-2.434008539793493741e-04,-6.855596261443214505e-05,4.216942574323730175e-04
4.993404238380255754e-04,-2.910094156215248858e-04,2.449187127794402361e-04
-6.954944372518366590e-05,-9.075739873334290504e-05,1.771720525159690756e-04
-1.428218161765491497e-04,-7.962257069390090011e-05,5.947272047136068244e-04
-2.034666930177980346e-04,6.149938426040343280e-05,-7.933552987319332159e-05
2.390795675303687348e-04,-3.683381330936695043e-04,9.442137055393985050e-05
-1.301116111116504075e-04,-2.722205809401818033e-04,8.420909786901187842e-06
1.109564792031883333e-04,1.598211159905125371e-04,-3.219915372421340138e-04
-1.676273978119763666e-04,2.807553271783753664e-04,-1.860849110335722741e-04
6.501032927318650537e-05,-7.370855905789590627e-04,1.278463939435620252e-04
5.420662517978558104e-05,-4.425947003308402334e-04,-4.339990473975788797e-04
-3.442531816477867497e-04,6.204429240053904509e-04,-3.549440868720712722e-04
6.748496845052914675e-04,-8.375529165362230086e-05,5.043834019125114120e-06
-1.502831565329933790e-04,4.086736770174978039e-04,1.275502411236264740e-04
2.282461817920032273e-04,-6.223304600313624905e-05,-2.045092620303177891e-04
-1.797553366456823619e-04,-6.471163578519735201e-04,-3.022928401620349529e-04
-4.979349275986819681e-06,-4.344692483076808848e-04,3.645576739008566671e-04
7.051541290665489436e-04,1.739503644343210452e-04,-1.075678414045652198e-03
-1.515290332821573676e-06,-3.660796089600481889e-04,-3.886766384636274703e-04
5.862876962329673352e-04,-4.766302330411440759e-04,-3.280899742954570251e-04
-7.968564594582922152e-05,-2.097879869489846581e-04,-2.831166010871184247e-04
-3.927717762006553291e-04,-9.361454913388230241e-05,-2.784356887556421666e-05
4.173762642582114468e-05,1.046896345608316014e-04,2.552434989152070491e-04
-4.134890385617461472e-04,-2.692673235195934480e-04,-7.810088216124060946e-05
-3.905542532410415145e-04,2.843076092196878540e-04,-1.655673660689910742e-04
-3.760776362027648924e-05,3.326172884373025836e-04,-6.127441895898893068e-05
2.520267987354995911e-04,7.417695526898856171e-05,-1.452506236796522821e-04
-2.432791723609597804e-05,4.494699274723074804e-05,1.877261495006151055e-04
-1.394312314136481458e-04,-1.004114966485840864e-05,5.230966948118155255e-04
1.549979170315570344e-04,3.866095945433219074e-04,-1.699544074298097991e-04
-5.806189761693990201e-05,1.947264459474248399e-04,3.268421383687784973e-04
3.500526347137060748e-04,-6.258233118637313063e-04,-1.442702953257483391e-04
1.757995828544403865e-04,-5.160544909933585629e-05,1.497398346540434685e-04
8.221368381552033542e-06,-4.461650584124907679e-04,-5.281385785734731388e-04
-1.681897446857371324e-04,-1.469622640714672416e-04,2.545180099762588783e-04
-4.909944766995286147e-04,-5.027099128093056278e-04,-1.850027458650823178e-04
-7.859497285752386933e-05,7.184929688662572607e-05,2.280343095999540508e-04
-1.898966187376498058e-05,-2.439912036964544408e-04,1.369161182535136182e-04
-7.515542487931608584e-04,-5.339222413172215647e-04,-2.618734389614866018e-06
5.231707389499231633e-04,4.204854436409440868e-04,1.193190064772829304e-04
3.583301857393212417e-04,2.088661380353621548e-04,1.120908224020174639e-04
6.760986540107458864e-06,1.348522861201769513e-04,3.313872474360961523e-05
-1.150631602777086595e-04,2.919297168450158585e-05,1.980299083499544824e-04
5.599920915593945480e-04,-1.684408154942159720e-04,-5.438143470460078655e-06
-2.238264093254946905e-04,7.913822737622124503e-05,1.213040521418118670e-04
-2.088367977275356713e-04,1.431597068092576230e-04,-2.435596778545910245e-04
-1.378775592761726095e-04,8.098702032042900609e-04,2.302021206809999046e-04
-1.043367468047772103e-04,3.481413709666614145e-04,8.059980897883594090e-04
-1.359521837537306852e-04,-2.762784512358767617e-04,-5.259776120255980436e-05
4.124779445777166233e-04,3.730637784780272965e-04,2.893988341418328729e-04
-3.417026524476240740e-04,-6.514559182024170971e-04,-4.591894347425707571e-04
1.068198784816381906e-04,5.357325950542169194e-05,-3.274226513531604916e-04
-3.620475536770745100e-04,-5.484406464679887063e-04,9.439797924786864968e-05
3.914856032545162425e-05,-6.162783782653511681e-05,3.203843631973135337e-04
-2.166445682441475588e-04,-8.208665333041296282e-05,-2.772634985522410265e-04
-2.520269088682522266e-04,-4.403322249571380259e-04,6.871609842614450733e-06
4.052506849034803906e-05,1.386668522865373691e-04,-7.445695635237203013e-05
5.301944730168600486e-06,-6.409787631382894875e-05,-3.379151732739146862e-04
-6.172683404924698307e-05,9.874388694587237826e-05,4.521444880754590901e-04
-6.904553831674003442e-04,1.011918729341599075e-04,-7.972742877158455301e-05
2.038637207171893617e-04,2.456959371744482732e-04,-1.836197894177252449e-04
-3.577357031934915300e-04,-6.333640629203353672e-05,2.381749343689970643e-04
-8.609878078896202351e-05,4.402771026698596877e-04,-6.889491594475903408e-06
-3.529734919918455622e-04,6.805063870616978984e-04,-9.240197360028384725e-05
1.011804181050014300e-04,-4.390223949188263317e-04,1.090625259918274201e-03
-3.540884018435191960e-04,-4.255818751734169892e-04,-4.095873650207030561e-05
2.635164605664109530e-04,-9.804326097819543082e-05,1.763515236676731820e-04
2.360466252755059424e-04,-9.905946878037529132e-05,2.242834756717031241e-04
8.164157487065212555e-05,-1.291715949864172860e-04,-1.608440207671027865e-05
1.194724072220163181e-04,2.033234601751727523e-04,-2.467824404646782092e-04
1.874687694833403423e-04,3.708099988097665503e-04,6.900541274314189093e-05
-1.974939849232520885e-04,2.798380072461018574e-04,3.591203651022419952e-04
-8.002421087417021118e-04,1.715068390604093489e-04,-1.399132440137172456e-04
-2.308395947758450474e-04,8.691623140650563074e-05,-2.486175499631901363e-04
-3.033286249648677870e-04,-6.799290908097629769e-07,-9.356839095484451659e-05
-2.928384482030887016e-04,1.347952179950195504e-04,1.927549642684728271e-04
1.530387944155677329e-04,-6.383835808549829984e-05,3.434961425027571996e-04
-1.993884275095501358e-04,2.008986247297911464e-04,4.728713350953493971e-05
4.258677773718043728e-04,3.442496509629005305e-04,-1.962558086132810129e-04
-1.181464883339355516e-05,3.670439533415374429e-04,-3.057114159037040146e-04
2.933358585181363928e-04,1.678989354669445526e-05,2.772720541625919573e-04
2.742043031712143217e-04,-2.034722671983409874e-04,-7.755739114147588726e-04
2.823205944161270181e-04,-1.199043826841629323e-04,-4.097937412272562073e-04
7.934807013134705935e-05,-7.493984442182331307e-04,-8.316128843972902304e-05
-6.437144124822013732e-04,1.458986637637287053e-04,-1.269808121331680146e-04
-3.877457877854751950e-04,4.644613513987475538e-04,2.728506490970460693e-04
5.722063791693469378e-05,-3.726814637032936227e-04,3.806289089989296098e-04
-2.696411416787716764e-04,-4.829693270441784989e-05,-2.799944828101128967e-04
3.336356405760754597e-04,-1.585318308852309019e-04,-3.111290897650689628e-04
2.701990643580055033e-05,-4.176747930732390649e-04,1.118108962311448282e-04
3.852392264281116144e-04,7.119191801010256308e-05,3.044534804845420669e-04
-2.063259650860383546e-05,-6.868164588229714023e-04,-3.881110960250860604e-04
-2.104777143512860616e-04,-6.233060860887975542e-06,-5.280773115835957904e-04
-1.153924392223229365e-04,9.599366843526047153e-05,2.047155441798263439e-04
-6.021211176060918882e-05,-5.765901968412248050e-05,-4.504181588957115938e-05
-1.005164772524398090e-04,-4.167831519948542542e-04,-3.580222772513746857e-04
1.343914277858094966e-04,2.063682278012573634e-04,5.651515850485693340e-04
-5.747008564843166255e-05,-1.815850455393636250e-04,-6.155064189012607236e-04
4.718202360435431767e-06,-3.356336105373461062e-04,1.739591976196074857e-05
-1.242517854270080188e-04,-6.509962515200279354e-04,-4.164009421945088661e-04
6.278027895266941353e-04,-1.219609932172691628e-04,2.679319091235824119e-04
-1.205686895323844788e-06,1.450273385621014962e-04,5.832391634765852866e-04
2.538332012094537417e-04,-1.467454627412604761e-04,-2.364663858686030567e-04
-5.645947690649304141e-04,-2.733880084871738599e-04,-6.081997988176044258e-04
1.314718854071207513e-04,-5.540992578306372200e-04,9.340908683600991278e-05
5.862261578440118625e-04,3.529889501864696966e-04,1.497826319375346869e-04
-3.266271244473930527e-05,3.905301348386055484e-04,-1.385257428464099942e-05
5.678200750325687894e-05,2.107500038065862648e-05,-1.518240209496571585e-04
2.458836794300792725e-04,-8.178137249800442846e-05,-5.904229129884500929e-04
1.905782034425519797e-04,2.172253270669627682e-04,5.383759693200063491e-05
4.404866886965300588e-04,4.343427284566741555e-04,2.020574363124608315e-04
-3.192969703590009425e-04,-9.656627934201686750e-05,2.762295016647385733e-04
4.811686491602089029e-04,2.323357829501104972e-04,-1.213346606510911664e-04
3.440265594828924040e-04,7.800692241603560096e-05,3.324896413419974072e-05
-5.181452184258149854e-06,2.111421712549392310e-04,-2.431273786105563162e-05
-8.376706458601856670e-05,-2.797506896232718416e-04,-4.800612288660128623e-05
-4.625003941424386507e-04,-7.091802486680895748e-05,5.040753260105690055e-04
3.208439855200119701e-04,-5.426875738406053401e-05,-8.109596525462759245e-05
4.034999777334880651e-04,-3.604044969292740297e-04,3.669311519552970061e-04
8.579033931877300167e-04,-1.741706272865717133e-05,2.340214876936537187e-04
3.142448652406386669e-04,-2.563107388192404574e-05,2.486561462996349898e-04
3.489969871300107251e-04,4.678174581910708426e-04,1.087540133026686006e-04
7.462737428415719887e-04,-3.310171008821348048e-04,1.925213360693181486e-04
4.926493939808675214e-04,-2.580623648282363977e-04,3.856346771260754126e-04
1.218895412969442908e-04,-4.935222700728538332e-05,-5.987801907601085927e-04
-3.052802765740921377e-04,6.225146249684939586e-05,9.268136313068850961e-04
-2.834505138336557237e-04,3.412462976721116967e-04,-1.265828724380240616e-04
2.053274399103667005e-04,-3.943994599181593593e-04,3.881259952532785146e-04
3.399199311442029710e-04,-3.341336736198695411e-04,-1.087655156775736877e-04
3.935800432429502186e-04,-3.247263292629229241e-04,-2.351798548482302812e-04
-1.652849907053156344e-04,2.850420627175243902e-05,-4.952506941825777706e-04
5.864698187371692600e-04,2.928864529612682801e-04,-2.586682002269639533e-04
-5.525087580623615300e-04,6.279471179152936421e-04,1.101117540794933366e-04
-2.205214876310956977e-05,2.483696092062156048e-04,4.391424080851004792e-05
-3.025004064511025727e-04,-7.708687997624157366e-05,7.380019992527496204e-05
3.711170894686118178e-05,-4.246735889088583291e-05,4.437839497780632207e-04
-1.281220431406835617e-04,-3.042247815916301413e-04,-3.889543792526777683e-04
-2.919856579562155833e-04,-3.679843406304284919e-05,-2.402089530957525498e-04
-1.359401549200716741e-04,-5.414097431760927885e-05,-2.367898193423383668e-05
1.350393131884656324e-04,3.355734515569622125e-04,-8.421978536522722566e-05
1.980010463159363873e-04,-2.056300386911563390e-04,-4.112166792317006707e-04
-4.920906375865200790e-04,-5.143781687683962990e-04,2.713752749574517413e-04
3.940985360996287264e-04,-5.860410794642512415e-05,5.748119107245962646e-04
-2.879736194405634205e-04,-1.474654452765066100e-04,5.711671192422568310e-04
6.026991380051380763e-04,-4.435859572935974492e-04,-4.454020023510731280e-04
-1.486261484886297678e-04,-4.594771906745124938e-04,1.084336911374278570e-04
-1.278150020193508411e-04,-8.943956753940366820e-04,-9.637458114778733236e-06
-4.946906607035426935e-05,-1.197634762102161427e-04,5.280675559656115587e-04
-3.716121504797850782e-05,5.343330194179803615e-04,3.774759437062385342e-04
-4.338880552694896722e-04,4.070459030169623973e-04,3.040022986828740006e-04
5.423040638585313817e-04,7.980612099782131768e-04,-3.339483759481114361e-04
1.489135076456989983e-04,-5.601089055167288991e-04,-3.016087535433758398e-04
2.511175143502851568e-04,-2.204945731104010216e-04,-3.291680073724447941e-04
-2.987788343548253333e-04,-3.625032735659182589e-04,-1.205420817144630215e-04
3.539637045761321373e-04,1.096502414877203324e-04,-1.185832997993555336e-04
-4.989283455489820513e-04,7.834078246750814404e-04,6.207880681546875615e-04
3.310889389667330323e-04,2.937177261753127870e-04,5.145423335623523211e-04
-3.182072331967140391e-04,-4.689553373488604469e-04,5.281170950976854083e-04
4.465902006429102911e-05,-2.854037232619343299e-04,-1.261042099478224573e-04
2.379533355706808993e-05,-6.764670153387726374e-05,3.502007534014847006e-04
1.004050565238811957e-04,-1.411983614670290642e-04,1.923735443918622604e-04
1.922698159348872125e-04,5.461778727878639528e-05,-7.280981721093179209e-05
-5.244707418618397795e-05,4.249753015134548990e-04,5.677625315278822310e-04
4.504659520486733407e-04,4.257002608122316682e-05,-3.205330375275280302e-04
5.216933278015942936e-04,3.934106377657271272e-04,-1.766930840527615064e-04
2.910477796769885602e-04,-7.106859925243604861e-05,1.406135111499840374e-04
-5.206782625298909516e-04,-3.328170093702466662e-04,9.624855253273019884e-05
2.710847556542527077e-04,-4.426332933283262032e-04,1.117749605297791965e-05
-2.804458437157349615e-04,2.233415099639594903e-04,1.439931817747311740e-04
-3.437513966788940467e-04,2.564283246706067026e-04,7.595556379851438381e-06
8.925116415504409390e-05,3.507925221779700786e-04,2.864978434058479601e-04
3.489839794002835057e-04,4.608479691584618852e-04,2.275054861698879284e-04
3.119608306400500843e-04,-2.949290618192455587e-04,6.939407729180437903e-04
3.256198018400620136e-05,-3.193332083917901931e-04,4.368203089125795801e-04
-5.401875553047090321e-04,-2.047525970434213962e-04,-1.229802462084209926e-04
-2.554224229456910059e-06,-3.875598736318734347e-04,-8.221799884551413154e-06
4.740639696431825508e-05,1.722273001136327599e-04,6.552981301149313209e-04
4.055940277354147744e-04,-4.608482170242941280e-04,-1.819743572930258976e-04
2.434833517713532434e-04,1.417146308262388801e-04,5.070209864039981491e-04
-2.800475264986039957e-05,5.149502219614277747e-04,4.541833871594872884e-04
-1.326852499521637379e-04,2.030624251337960614e-04,-4.846249285648225407e-04
4.639080071372054495e-04,5.581556996314228488e-04,-2.033375976330114058e-04
2.935625915703151735e-04,2.292881382736753780e-05,-1.304530117263417869e-04
4.643958555972252725e-04,-1.635682915020613849e-06,-1.621651835020686868e-04
-9.669117243203287175e-05,5.239695997527544016e-04,-2.692712086966790965e-04
-1.108548999389963633e-04,-1.075017111181183154e-04,3.823863731667379560e-05
1.898627517029587283e-04,-3.318810354613218835e-04,-3.121133989378130531e-04
-1.388885045521074399e-04,-4.802197680023089291e-04,2.213016428869884100e-04
-2.531682356273031636e-04,-1.744103290284330313e-04,3.457447496624237063e-04
-3.384581950360604670e-04,6.360374271010461487e-04,1.299825268843436937e-04
-2.078019372139046806e-04,3.407552340895793038e-04,-9.264074837297661994e-05
-8.741484443863043049e-05,-1.973245885893795161e-04,-2.060050378752524851e-04
3.938941054483978096e-05,4.784658052461850466e-05,2.078015724866667129e-04
-3.482153872798954080e-04,3.444294258443111401e-04,1.089395333719777948e-05
4.677005392840652507e-04,-8.304767777846898933e-05,5.680337580821762577e-04
-1.854548066205498574e-04,-8.895633605135546448e-05,-3.307822409029757956e-04
5.314180841640989486e-04,2.315998428685924967e-04,-4.193311947070123952e-04
-2.862268566289752673e-04,2.707953199015265995e-04,-6.633774340001153747e-05
4.276207024623132277e-04,5.521302974285091907e-04,-1.047432735589396845e-04
2.780232975186262357e-04,2.346775725420996439e-05,-1.587045625689158127e-04
1.908809398315676747e-04,5.475402813983752020e-04,6.533118283014485142e-05
4.054377758101766950e-05,-1.960016216604360288e-04,3.884243631813057282e-04
-7.142654831819797846e-05,3.755487452284795696e-05,2.267795004791490143e-04
5.519641458563698993e-04,1.129448780413499088e-04,-1.308361907564490572e-05
6.338328593589231492e-06,-4.567904749226130048e-04,4.890710999808197323e-04
-5.616545840651524977e-05,1.773575782926472310e-05,-2.425850111646442103e-04
-1.003593553460758802e-04,-3.696992369350286431e-04,-2.344895995815506930e-04
4.459102014024113276e-05,-8.405407118069812764e-05,-4.671767532444215626e-04
-3.467909870143928296e-04,2.826384756185492514e-04,2.119257643802845603e-04
-2.264052513775634842e-04,2.836034217320777557e-04,-5.126341881928098447e-04
3.038645835534724607e-04,-7.418187803623478387e-05,-3.420461985578198555e-04
-1.170985861782595871e-04,5.963574198960130838e-04,-3.306829438653268827e-04
-6.482986235884463481e-04,9.114643894825736475e-05,1.439896035217168752e-05
-4.597726581395138634e-05,-1.348885730299278704e-05,7.350057935610081119e-05
-1.899096677756037619e-04,2.507615108002888464e-04,-4.382702913240526127e-05
2.383149588016401021e-04,4.563261806426062417e-04,2.231182558771950433e-04
-6.271771441808425063e-05,1.048973673935461095e-04,3.403592424198982678e-04
-3.627493143409721353e-04,-2.199321797597678563e-04,-4.001167799399471558e-04
-1.570015247103289616e-04,1.189045840369157790e-04,3.554165835980458658e-04
-2.857654773933825283e-04,-1.948227184142785459e-04,4.275574253855478579e-05
6.267064004238080297e-04,1.484131532987379245e-04,-6.159578907837938259e-04
2.314000640705372739e-04,4.152206356125783026e-04,3.261048042693459126e-04
-1.746530487139742976e-04,4.960393355669417319e-04,-4.337359529296089402e-05
1.477541493142427685e-04,3.798766986630936534e-04,1.286172989952232254e-04
2.790024872130981363e-04,3.149817223110883677e-04,5.621937929606474068e-06
8.120899460953682775e-04,-3.302437439899176086e-04,-3.357797575666452371e-04
-1.091948278656610592e-04,4.060907002576342778e-04,-4.924071041993419075e-04
1.863374531397375808e-04,4.246960473004705210e-04,-1.545246113393359925e-04
-1.609600110572940816e-04,-1.890749703408590814e-04,6.122968279955225352e-04
3.113413869832016949e-04,-3.512137483359914405e-04,2.336072058705117879e-04
9.734027987572762793e-05,4.901803347342674575e-05,4.058295466528900755e-04
-2.827710083495794035e-04,-2.578757564845588802e-04,1.303091911093901966e-04
2.991575680317380562e-04,-3.578760565578935414e-04,-3.762597592500038952e-04
-2.362427928588340395e-04,2.780955617599499856e-04,-2.592666285677611756e-04
3.068272228362751704e-04,-4.658854032982392350e-04,2.695064141423867570e-04
-2.217160241194664097e-04,1.525137907243695348e-04,-1.853323908571589420e-04
3.512255892126020886e-04,-4.012647360452395950e-04,-5.845950038790509798e-04
-3.882606271089756146e-05,-7.936040500096651915e-05,-2.496870842942085049e-04
-1.182255682348233176e-04,3.166287760584279745e-04,-9.028043967284719851e-05
3.747811051651051147e-04,3.315576450495090976e-04,2.464225956887133558e-04
1.619295532541945471e-04,7.591558501655451324e-04,3.233966569208528304e-04
5.891081486546810922e-04,-1.497753753766057163e-04,3.268170629552679773e-04
-4.762839895530989473e-04,-3.259552479497065621e-04,-4.605427208075505655e-04
1.984948376805473376e-04,-7.909798695026691963e-05,1.462867077330022361e-06
-2.011558297521600551e-04,-1.282177287304918259e-04,1.198334754103353116e-05
-7.714383510269686711e-06,-3.722283188948215748e-04,-6.278926737779818787e-04
2.372103445028897711e-04,1.389105241281074347e-04,2.302279279794572234e-04
2.468164463479517799e-04,-5.448689864568673647e-04,1.799348694272011611e-04
-1.665390815018401879e-04,-2.116502240389361064e-04,1.556710103817316826e-04
4.477348490909470544e-04,3.571063733858617726e-04,2.056230599518649239e-05
4.783657531835503639e-05,-1.055396746140083533e-04,3.666215536769875305e-04
-1.561820871280419128e-04,-1.800906248362416854e-04,4.926796600581270693e-04
-3.178557545923598685e-04,-6.464122386694469619e-05,-4.767519842002710079e-04
7.168990251070464959e-05,-1.434815550223539132e-04,-3.288369686535078757e-04
5.283392571520825846e-05,3.834016448056640604e-04,4.165505049236688088e-04
4.934858344892459801e-06,-4.384532656505022992e-04,1.751742153661580131e-04
4.487771631981488319e-05,-3.738950081913932125e-04,2.943102553549378168e-04
-4.001493018704457209e-04,-9.897501101484007513e-06,-1.227797109691754847e-04
3.291683999671071400e-04,6.373672318200945992e-04,-3.607735517549385011e-04
-6.061638803606212794e-05,1.476174733989098957e-04,-2.763633532431675828e-04
5.239163986608702962e-05,3.255108305193372682e-04,3.939661947356642145e-04
-1.849713140902845985e-04,-4.280782722492008615e-04,3.475644678896271024e-05
-4.822658842586525249e-05,-3.758297230374407880e-04,-5.580385674219694902e-05
-1.027288429927554313e-04,1.634733519404322263e-04,4.178183758221463019e-05
4.258897130203021853e-04,5.256147026912214937e-04,3.032868550330717594e-05
8.926551424885554166e-05,3.514733206196139076e-04,1.914903914528560424e-05
-2.397648135700820751e-04,2.789373411902650490e-04,7.960225069766814097e-04
-4.404282918561912112e-04,-3.956735746323346401e-04,-1.126626710060202514e-04
1.894543096466319901e-04,1.004370201517783181e-04,-6.340318557178543923e-04
-6.297498381546462508e-04,1.223559448374266303e-04,4.643222119867015528e-04
-3.930693701089703947e-04,-1.828546500835233162e-05,3.408030247007071741e-04
-1.043538767436777344e-04,9.110568219531547224e-05,-2.597011019238639742e-04
1.157313378927385221e-04,1.909196315364328016e-04,-2.057844064091284442e-04
-2.912403446647860881e-04,-1.568437799785377465e-04,3.702245089238173116e-04
4.900384779679099745e-04,-3.151612017617761233e-04,-1.667194687591282349e-04
4.172599080071607365e-04,2.042211113709985865e-04,-1.886128225894135257e-04
4.137278595827896229e-04,-1.144200803106415519e-04,1.769922822657912819e-04
3.462832320304850674e-05,-1.099955209283318629e-04,5.175221135760396012e-05
7.009096213738472538e-05,4.676707839141311450e-04,-4.496812129994459683e-05
3.260445772023706410e-04,5.468281676875287557e-04,1.716588631731266322e-04
3.223554515823974791e-04,7.876815057898123860e-05,-2.439588062754130093e-04
-7.570839645368551457e-05,-3.298554387685127256e-04,3.794764427759247678e-04
1.834090834336507745e-05,-1.687916913769126133e-05,-8.198949538500331863e-04
-9.106514530733327364e-05,8.846094497238367164e-05,-9.675524204120946724e-05
4.790336739436501570e-06,1.744469707995055931e-04,4.890351208378678925e-04
1.432343401256528022e-05,3.413077573958771255e-05,-2.469049007674418571e-04
3.663715092249313120e-04,2.045224338886083150e-04,2.227046948025838762e-04
-7.538859292344984398e-05,3.063003600720243529e-04,-1.911910227128892743e-04
-6.574777941906091445e-05,8.477764650678544891e-05,-1.420707348237168759e-04
-4.215403665354536603e-04,-5.540415226834089412e-04,-1.364632068580809009e-04
8.118721949498937070e-05,-2.755879904148137360e-04,4.561405817641022310e-05
3.893933437265496410e-04,2.434818350884809595e-05,3.781803652085331618e-04
2.796080167240631441e-04,-9.535045038849594842e-05,-5.084180040455108440e-04
-5.127047293397125010e-05,-1.759512327308701215e-04,-3.679597291048348345e-04
-1.922800116974207238e-04,2.598424713410362255e-04,6.079076285675298592e-05
-1.765735662776776814e-04,-1.202520573964860286e-04,3.249845977387392604e-04
2.399353847142849099e-04,-3.267922063410653392e-04,-1.434209803607949373e-04
3.824427363369919041e-04,-1.740907673023708467e-04,8.780550154421889314e-05
-1.081688658204917709e-04,-2.460020843247544210e-04,1.862016969296255973e-04
-2.755131304473443492e-04,-2.771155963892469936e-04,-8.654508086556303079e-05
-1.582503409929767184e-04,9.097837227683129189e-05,-1.998484131354233613e-04
3.768437202376256944e-04,-2.526675204798206316e-04,2.726395904964757483e-04
-2.539579026996657659e-06,-9.206320388041676741e-04,-1.835003611432838586e-04
2.366225222319945452e-04,6.521490909745946449e-05,-5.429151028327414423e-05
-2.260085916557363211e-04,2.177869791104075560e-04,-4.017646528275908521e-04
1.830978138927061457e-04,-3.195660921040464723e-04,-1.964168567805373163e-04
-2.584232207797345303e-04,-4.720462921221413500e-05,-5.943778422225892959e-05
6.615095241340973554e-04,-2.942650054759748056e-04,-6.950601053398776114e-04
4.621600338069908100e-05,-1.789855592419137048e-04,4.062106034965799279e-05
1.227681900765472355e-04,-3.820722089872625104e-04,2.667530313674005378e-04
2.847438532822587213e-05,1.304804660694997638e-04,-2.472148481055071978e-05
-2.310838081994603011e-04,2.291139827192749064e-04,-3.245946545467028521e-05
3.085557114250692622e-04,1.442474514989701721e-04,-2.384334697092204379e-04
-1.151009189347270513e-04,3.951072021555149401e-04,2.426290193176474817e-04
-4.363053702410602539e-04,-8.719097620482443888e-05,-4.280377115209548205e-04
-3.038560715005431088e-05,-1.787863451681728311e-04,8.706208090632691350e-05
-2.818113076663098307e-04,6.024031971452543845e-04,-1.973549581464146749e-04
3.381621150203254367e-04,1.979116731806314876e-04,-1.492603946109955496e-05
1.970751523862692453e-04,-1.717155667655142592e-04,2.095130001967731648e-04
-3.695963875984428467e-04,-3.822673193228841521e-04,3.873867748227692392e-04
4.929789815773309540e-04,2.571833486257148519e-04,1.476857914349101410e-04
-8.598052414464835190e-05,3.708839357582264596e-04,-1.634762937421065576e-04
8.089461215546050890e-04,4.370344597527031833e-04,-4.163836130785918415e-04
-2.800528728236290001e-04,-4.181262781453606945e-04,3.830656456991972684e-04
3.834358462660128909e-04,1.737928072501094287e-04,-1.766123036629310456e-04
-3.732853537992523204e-04,1.640198599943491471e-04,2.248528557893255211e-04
-2.909016263747490915e-04,5.716093146297898274e-04,2.809221952505453509e-04
-7.001367065625701365e-04,1.987877627767299280e-04,2.177494870353225993e-04
3.731467768263303482e-05,9.123763020422399677e-04,-2.827760045289236680e-04
1.247487954183254698e-05,-1.370781027341120477e-04,-6.485475962952250361e-06
-2.818554964426526837e-04,3.205418271030871166e-04,-7.458480135701663581e-05
7.831941108760831049e-05,1.154428575312548780e-04,2.098829774960536037e-04
1.441259748908079396e-04,-4.234718172621181672e-05,-3.348873027228240428e-04
1.944146938863822844e-04,1.629438408488140808e-04,-4.426684588630120515e-04
-6.748774199625837480e-04,-2.620663820270754821e-04,4.638123720978160167e-04
-3.419416365480748956e-04,-8.783681937702069148e-05,6.830804837660081272e-04
-5.998710924505239921e-04,4.493283937999618016e-04,-4.704268574274898741e-04
1.548211099267139993e-04,1.620559607207849417e-04,-4.356766860257397091e-04
-7.889898184213279186e-04,-5.697875350549491973e-05,3.560090725436444443e-04
-6.682039821594207404e-05,3.101237003542530379e-04,-4.270251386205312712e-05
-3.399445960318926881e-04,5.207605902514126283e-04,-3.859142150128119764e-04
-8.889847104664019893e-05,1.554456815925309642e-04,2.825161749721096264e-04
-4.202861874650779060e-05,3.084632694461341643e-04,-2.155228574199663538e-04
2.228281138057632634e-04,-2.047385470875284275e-04,-8.556559170113780524e-06
-1.323274127235473841e-05,-7.513075106836137457e-05,-6.830535726466788627e-04
-1.089691964268498490e-04,-2.572395048963391283e-04,1.693977200256767813e-04
3.515815164874215235e-05,-2.249369477254777830e-04,2.227679882274410310e-04
-4.357755522209572291e-04,-6.250807982828821517e-04,-8.164607344631128589e-05
-7.015591874532657693e-06,-3.418754605634334083e-05,1.697992116637706765e-04
1.931735547339702549e-04,1.022242078279648282e-04,-2.696826441432215678e-05
2.315270908532366984e-04,-4.347733506165094648e-04,-4.860089267925180685e-04
2.229956832846166333e-04,2.132468976808605241e-04,3.806389493346638690e-04
-2.340151181959627234e-05,1.675502354556189033e-04,-7.801148859051042247e-06
-2.321370283342995234e-04,7.667150643724204872e-05,3.795689733869355570e-04
2.319813285368935185e-04,-3.748038304078748378e-04,4.152714912548290138e-04
4.779937596490839956e-04,-3.363850862773570837e-04,-1.872502714284717375e-04
-3.673122802189307580e-06,-4.084633409822428980e-04,-4.643259494478612845e-04
2.816726688843986166e-04,-9.113384816572050139e-05,-1.732552722554255953e-04
4.544830887096493730e-04,-2.699649849602704348e-05,-3.872966769526643076e-04
3.829291634746149271e-04,3.125630277278418552e-04,2.327601702524721147e-05
-4.060384311230198296e-04,2.145059813072515019e-04,8.941544632432031332e-05
-9.173407238789233788e-05,-1.363420532000812388e-04,-1.937991035230422223e-04
-2.142011606908262775e-04,-5.432894664646609195e-04,2.514601015365916428e-04
-1.794118369660181056e-05,3.271921076362358422e-05,-9.341250364858811077e-04
-5.388632422818528857e-04,3.083667699095033333e-05,2.131338701310400089e-04
-3.749261295999902800e-04,5.400691756119024704e-05,3.280414039437203229e-04
-1.490655691177818014e-04,1.812132369050010430e-04,-4.219659406303291095e-04
3.974885637987712731e-04,4.024669441168264171e-04,3.565789997759525373e-04
6.900190217942217769e-05,-2.250309433008878190e-05,-3.548445397966220531e-04
-3.545896943025685522e-04,1.145557797326730040e-06,-4.646586494224048047e-04
-1.934374773891075182e-04,-7.366453829421397686e-05,1.499401163278388387e-05
6.194727307718633042e-04,-2.430704543672268557e-04,-7.272841683474576355e-04
-7.919363982800092349e-05,6.094581864531762542e-04,6.291057670764349248e-05
-2.044138997526338513e-05,-3.954746859597087823e-04,-1.666098344620118492e-04
2.010654636195361811e-04,3.837100695056680640e-05,3.103800426729409523e-05
4.265287824860098721e-04,3.662141643784174133e-04,2.671435494845449555e-04
-8.297324222686637920e-05,4.605693043323032558e-04,-6.989867612533887684e-05
9.468649613280413204e-05,-3.781418711259279541e-05,1.388763579977387024e-04
-7.923859903678534783e-05,2.438633551289843583e-04,-3.325035015343230215e-04
2.420496267054314597e-04,-3.182654339361796082e-04,-4.194904409993768920e-04
1.498078486628930095e-04,3.643115928942417610e-04,-4.703124754170748679e-04
2.651932695360686965e-04,8.958179787222329566e-05,-1.221680249869341525e-04
-1.501155349436093290e-04,2.366624514004570846e-04,-1.671142743016899228e-04
-9.338696415451786480e-06,2.076003469668670802e-04,3.650134953698308586e-05
-3.535894688697538597e-04,4.500609110403684275e-04,-5.977192772511202021e-04
-2.764170492054498747e-04,-1.515924395919563230e-04,-3.127518959024774771e-04
-1.759964302814644437e-04,1.120012419360442513e-04,3.577491783836912612e-04
-3.232140739723395918e-04,-6.250670736479359865e-05,2.429842729978334219e-04
3.784549477106905965e-04,3.195567131241846236e-04,-7.630464277972333462e-05
-5.749594596629292427e-04,-6.237572188880189414e-05,2.239084136153864459e-04
6.917170614917540761e-04,-4.530222222638232999e-05,-1.397096885903216848e-04
-2.521359279011119690e-04,-6.258873342383386050e-04,-2.834865310605639080e-04
2.154424676215578648e-04,-2.090511481407300988e-04,1.508054846673355116e-04
4.744175874003748496e-04,-1.632235211541384454e-04,-4.272275871492104034e-04
2.699579677530858151e-04,-1.939047215990910328e-04,-3.016818173650258014e-04
-3.516432464918238130e-04,1.859063724848703187e-04,1.411506741122762424e-04
7.083819664141995402e-04,1.435408240911681334e-04,1.928733923013621664e-04
-2.802823651105695694e-04,1.563898941512682685e-04,1.147028966155938913e-04
-7.990184379824409773e-04,7.274057655465519920e-05,6.418013608725176358e-05
-2.224192600181174018e-04,3.965546713536199658e-04,-4.395692365342437490e-04
-6.634558579234026989e-05,6.454492196273888460e-05,4.163015603557895989e-04
-4.286223462029089279e-04,1.374158833234889233e-04,1.933966812341670347e-04
4.522222980080534095e-04,-7.320721866963206823e-04,3.207612512140985828e-05
2.278966600599485401e-04,-7.249289570788672310e-05,2.480330153919139686e-04
5.742327113026137202e-05,2.676183600434839708e-04,1.312382030552772022e-04
-3.266704149132025788e-04,2.528335784170343721e-04,8.607272687393074061e-05
1.038238836893588558e-04,2.520839699071252179e-06,5.518691594163735187e-04
2.931139764045923891e-04,8.397032944871564691e-05,-4.373382265706943412e-04
5.604875490307341000e-04,-2.898305215278034006e-04,4.323807246327377157e-04
1.139570874446030384e-04,-1.877032858630467774e-04,4.149175932959309914e-04
-5.490821820536397811e-05,9.080537581396700493e-05,-9.687876018899190152e-04
3.142185475701607150e-04,1.949518217115878084e-04,1.366381743117570200e-04
-5.865796474229085199e-04,-1.704977280500996498e-04,-1.010008227958089319e-04
-3.567109294043785362e-04,4.107136935914661039e-04,-3.202659339353900944e-04
2.504383074522179443e-04,-5.742211630881352037e-04,5.459167944739349047e-04
1.507553959527596502e-04,1.742964199172617693e-04,-1.078595017861096509e-04
-2.770205458693420788e-04,-8.280453998687764550e-04,3.495103310521333853e-04
9.606691750615122568e-05,-3.810522841859480996e-04,4.983814657846662600e-04
-1.084872886490959243e-04,-4.737542847705878118e-04,-3.046419030936716485e-04
-4.120878112136254078e-05,-2.329962360335414702e-04,1.564615720762026717e-04
5.498288531832444667e-04,-1.015213413017786609e-04,4.563319129535358277e-04
1.640510047726226575e-05,8.980508151993293279e-05,8.335716456908273491e-05
-1.781103336162761662e-04,1.592253112559346626e-04,-1.135345739957568641e-04
6.550174230315791474e-05,3.475695831940091903e-04,2.049044516290218884e-04
-2.901984914973197065e-04,-4.441497350881146926e-04,4.900169822218466281e-04
-5.408071802262248142e-04,-1.245103918856285609e-04,4.938817734667572731e-04
1.074659321198188732e-04,-4.018222452035618577e-04,-4.724718027264860004e-04
-1.189671466257876574e-04,-6.541934107299430200e-05,-4.289805966101626700e-04
4.908203511146408545e-05,4.062318173717520495e-04,-1.775292512590237871e-04
-5.461996701399062740e-04,-5.472888973832321178e-04,-2.277347144569994743e-04
8.526585027433419188e-04,-2.885424965303949553e-04,-9.700059589705355698e-05
-2.227534041831481999e-04,3.755711942650536415e-04,-5.962468374971531537e-04
-2.807395157259112597e-04,8.718791086511383439e-05,1.933068637350008083e-04
4.198690357375184281e-04,-6.702656361642504767e-05,-4.501470139245477924e-04
3.646492099089742472e-04,-4.091170161158210459e-04,-4.185161542913499490e-04
-8.604239975841102873e-04,6.725832536305678092e-05,2.680852079277019039e-04
2.369338121049793366e-05,-5.803229276019057463e-04,-4.031925792984643125e-05
-2.297907431824396682e-04,2.093987881127162452e-04,-3.813487441893559268e-05
-2.212833862428261768e-04,1.169472432057345535e-04,2.469785976987560680e-04
1.393221102406362357e-05,2.284518224021143842e-04,4.187667148535614316e-04
-7.416789164755681341e-04,-3.692815739010309769e-04,-2.829061403785723509e-04
3.513012897995225849e-05,3.318589063227693633e-04,-5.674126652969074033e-04
1.343001833378320527e-05,-1.889367309454278369e-04,-5.410830811759714180e-05
-2.936333086703279711e-04,6.031367567615999927e-04,-3.730587799942940933e-04
-3.371636446464796677e-04,1.417532736456080412e-04,-2.062450082045034301e-04
-5.330165989972494866e-05,2.164718297954726855e-04,2.220490124572150161e-04
-2.179237621332072048e-04,-2.254162737662819267e-04,8.444854600734101309e-05
-1.323855317676839237e-04,1.704698474632799956e-04,-3.312980874381480289e-04
-2.428273032871680961e-04,5.293610758383841320e-05,4.608751539296715482e-04
2.056797489745820144e-04,-1.222425504370984342e-04,1.923236522078175601e-04
-4.124452039558301969e-04,4.440725803708594436e-05,-5.339552798904984932e-04
1.356360882364400055e-04,-2.630235903193089438e-05,5.540982881997545136e-05
1.504574406416960773e-05,1.360914709877115818e-04,2.023120361222937788e-04
2.014614277135522396e-04,1.354286373695611466e-04,1.014579056018635468e-04
-6.908804569766027704e-04,2.725459326679112318e-04,7.927133448416060467e-05
3.330272002566806583e-04,1.776240581144206165e-04,-1.332469994949850622e-05
-1.256639128793518427e-04,-4.248258300091034253e-04,4.010090775624576185e-04
-3.705829437597384871e-04,7.529444670623036893e-07,3.636254845986387936e-04
9.513314510752304202e-05,-6.911334618432347693e-05,2.478588718381258878e-04
-5.953552065218919217e-04,-2.399140774896604204e-04,1.496327051630035574e-04
5.282725841964293773e-05,6.785818651309243239e-05,3.622560950948567216e-04
-1.390876263169566634e-04,2.310697572496773307e-04,2.598587579237899637e-05
2.128770809691734860e-05,4.851017215975799639e-04,-7.127714807700316244e-05
1.119718608859848839e-04,-2.717858447505145216e-04,-3.267852768628942196e-04
-1.229576143032129888e-04,-5.657780711179654287e-05,5.444850384411127489e-04
-1.432760071706029397e-04,2.421404161767524933e-04,1.469523173704328025e-04
5.110471489981058876e-04,-1.542727601245276144e-04,-5.666428377906393941e-04
4.600769701056727857e-04,6.932680508537941884e-05,-3.977992299016129964e-04
-2.806649800232769625e-04,-3.029869610312864946e-04,-1.349227041139415702e-04
-3.677703350094533490e-04,-5.461538777272478308e-04,4.007753423373813947e-04
-1.596407243541415649e-04,-3.458661608888025096e-04,-4.498456346253038463e-04
-2.807228990820001069e-05,-6.074455107549564043e-05,-3.221988455176278028e-04
-4.341428007846773293e-04,-1.763210227704236027e-04,7.157330313869439062e-05
1.945766182446723776e-04,8.759218590686277761e-05,4.229482853883459611e-04
3.260401191367803451e-04,7.915134345576200136e-05,1.240850799834191276e-04
3.738158649331101038e-04,1.184612950487945492e-04,4.746527132141276713e-04
1.806565704788454371e-04,1.491282968068277312e-04,2.027501633861806922e-04
-3.616007155594595118e-04,-1.224104733359209197e-05,-3.299096600692299889e-04
-4.822928770402091169e-04,1.519910402250058642e-04,7.517367665129419320e-05
-1.288843472286229242e-04,-3.630548509929617780e-04,1.598892792551147464e-04
-2.880182675325723888e-05,-4.605907072136226584e-04,-6.232747102655533450e-04
-1.647629793809019449e-04,8.667454234250414856e-05,-3.154695474498724062e-04
-5.493323310819454202e-04,-2.412780196336838012e-04,-2.809517981055558605e-04
-1.610213156070125181e-04,-1.754865526766163930e-04,3.046727763076053229e-05
-7.031646519530059501e-04,1.642801354457274886e-04,6.968989484809331926e-05
-3.553391860928756273e-04,-2.452377642362567811e-04,-2.131025426476647591e-05
-6.565755849971622649e-05,5.380742461574042866e-04,2.668171710893919250e-04
-2.531558359365603000e-05,2.771202804691885128e-04,-2.044528630603675986e-04
-1.750487920321232044e-04,-1.920946865924756306e-04,-1.398960387553886318e-04
-3.106246027088262196e-04,4.042999871229910401e-04,3.781056551230943763e-05
-1.169947762423114346e-04,-1.022644779318448820e-03,1.106072174224746674e-05
2.149624724491247367e-04,-1.964523952303421966e-04,-1.843635303006257824e-04
-2.934230386250130857e-04,-8.068804717916214491e-05,6.040626075691444408e-05
-2.015363705453289205e-04,1.267367844672537641e-05,3.939081739078690051e-04
-5.564601182070283078e-04,-1.561619609140188307e-04,3.216533389297430274e-04
5.305409087674796973e-04,4.864968484432012196e-04,3.367258769465152003e-04
-1.744581152754553350e-04,4.946340014567538607e-04,5.271199557573099303e-04
1.691985045282208935e-04,-7.017027440533303800e-05,-9.532180112674603129e-06
-1.608195939228894997e-04,-1.308518797741223662e-04,8.287192935563837150e-05
3.443677212862068598e-04,-6.666506045878445426e-07,-2.698495397453223410e-04
2.706190169054705592e-04,2.822154666117451674e-04,1.680296505642486446e-04
1.220007406186630612e-04,7.600916537570657464e-05,2.175266548584045675e-04
5.532990636265911269e-04,-2.561534616218963736e-04,6.560981323438648495e-04
1.475582327031310420e-04,1.622109680801089762e-04,-7.663798806012432402e-05
4.216207415845676172e-04,2.389420385356723104e-04,-2.966287028140370975e-05
4.005055224482349037e-04,4.954445894500783152e-04,1.503905220269483901e-04
6.031880719031975334e-04,3.379058729506209126e-04,8.026057676130797253e-04
-5.657341366006470685e-05,-3.314477089548602175e-04,2.762114521110466277e-04
2.015768283830329550e-04,1.794232379389406110e-04,4.491388672217767392e-05
-2.248270532529605883e-04,-2.893474422343859042e-04,-3.407268747163999154e-04
2.532681893836619255e-04,4.510150094087232893e-04,-6.013205234866880484e-04
2.692597323013537437e-05,1.206381211047931615e-06,4.061422662247720744e-05
-2.286691352210378468e-04,-2.561803943640491785e-04,-4.490378266615788747e-04
1.822906398445573470e-04,1.503603896567652588e-04,1.834158308854026405e-04
3.226903331324534690e-04,-5.605308802042051515e-05,-3.893831177520423650e-04
2.341476009414091626e-04,3.022577152157887776e-04,1.879466686088238840e-04
1.249066687847727735e-04,4.787069317539670798e-04,-9.837933179938942421e-05
-2.751613268096725351e-04,1.827167119424218491e-04,-3.353504156758817831e-04
-3.925203870880743652e-04,-9.482075323590637703e-05,-3.805021942503152791e-04
-3.538337389480807564e-05,-1.400025058968828355e-04,-8.955192734067248341e-05
-9.580173688408848360e-05,-4.974708446453388115e-05,1.837789721759165528e-05
-1.978032750284840127e-04,-4.110659801097515324e-05,1.468594413501859422e-04
1.427224928817998745e-04,-1.941461209268037209e-04,2.905898392047612439e-04
4.854057826356490018e-04,-1.831778749249504397e-04,-6.375354323405959958e-04
-3.345289611700829301e-05,4.610436732665742837e-04,5.679879039603821832e-04
-3.352410607769667496e-04,-1.329308840221952526e-04,5.344617465528689673e-04
-5.157253767722359957e-04,-8.444509396504072413e-04,-3.339945234104073021e-04
6.530303189135860271e-06,-1.138753656418801122e-04,-1.182390543037535011e-04
-3.101019749330918493e-04,-2.020840816524020419e-04,5.249920152203128073e-05
3.681597901102627894e-05,4.265740721264874393e-04,-4.185275707676400464e-04
3.802424265769841134e-04,3.014352914228823161e-04,7.226570299756049278e-04
-2.994402705998396204e-04,7.152490680143072622e-05,-3.020853123470793045e-04
-3.422617972302359371e-04,3.082274846303652134e-06,-1.636135966914446880e-04
-6.691244795425771962e-04,1.532769319992521482e-04,-4.801326335999226672e-04
1.183536459864105867e-04,-2.789603578336020766e-04,-3.362430948945840417e-06
1.905764538466510696e-04,-3.929101514674869945e-04,-1.019747360418134322e-04
-4.109681962362667106e-04,3.719249247364072794e-04,-5.969148632927976381e-04
5.231293550313409133e-04,7.432270983570376339e-05,-5.162601245825976497e-04
2.700692255146089457e-04,4.578950020233106023e-04,2.357772362878315887e-04
-2.499815886618980665e-04,1.962653137843715386e-05,-1.313310640212431071e-04
-6.646739529473597594e-05,-1.468145832781405703e-04,-6.037135146937097152e-04
4.002233088664339548e-04,1.255512136835853435e-04,-7.974133525703543850e-04
8.173130976678246330e-05,-5.427700138743952264e-05,-3.069212065305286117e-04
2.221474820210852499e-04,-2.245105196989438223e-04,-5.065551965771567108e-05
-8.605487723875256166e-04,-1.117449417299210473e-04,-1.270291251427555701e-05
-2.614305599896382605e-04,2.000598906169684290e-04,-1.685921093545957061e-04
5.448951495301202668e-04,-6.512020363452841265e-04,3.389202970348651704e-04
4.390778644579348250e-04,-2.164110497934555039e-04,1.581008349488373854e-04
2.285730576695774554e-04,2.416975282570525964e-05,-4.852096488161930824e-05
6.231632290655037985e-04,-1.526089341178907721e-04,-5.649662479881155413e-05
2.220234072917630721e-04,2.519637423730142038e-05,-2.468019358008607359e-04
4.883520963304835639e-05,-3.126490815907181442e-04,-2.271304864294756062e-05
7.999830141697451174e-04,-3.034605527617013454e-04,9.224037107860294244e-06
-3.940781426570719230e-05,-4.576237187456270810e-04,-8.346688176519738770e-05
3.101757246023064242e-04,8.302921516438741326e-05,2.339871509239365506e-04
1.644596256350751783e-04,1.778480438124406635e-04,-8.719249152846943044e-05
4.518053660862261138e-04,1.946027784872996803e-04,4.387562640040815068e-04
-1.995126028622181780e-04,-1.195479677427835043e-04,6.955276545546122636e-04
1.559901035767413701e-04,-1.706434608866971598e-04,6.787448422299457301e-04
-8.092969269127578229e-05,1.577956588320946092e-04,-8.991430245845845922e-05
1.565558766330020913e-04,-3.207423186518186899e-04,1.161321313083031983e-04
2.917527888685502845e-04,-1.145806663082053647e-04,-3.571732709849515636e-04
3.282854224212645717e-04,-5.006582184475578566e-04,-3.834020406634433423e-04
2.184431973770475629e-04,2.175531687198536219e-04,5.360547096543426693e-05
1.087962544876407926e-04,-8.847521591343336829e-05,2.417284869774434237e-04
3.602906898223740624e-04,3.293215300260047889e-04,-5.659349353543957227e-05
-2.127641489989120019e-04,4.493091558454021255e-04,-1.723172682426444430e-04
2.890016855633569448e-04,-7.956673287278260035e-04,-1.206961359200497627e-04
-1.549250504218437682e-04,3.000926420985932007e-05,-1.946601260980447491e-04
1.305538952709587891e-04,1.780957427594752308e-04,3.052575105627838587e-04
3.034734664626792056e-04,1.734999997192655417e-04,7.252816506660328096e-04
3.407639067738192835e-04,-3.455923544139609957e-04,4.159074479229487599e-04
1.612958315044066358e-04,2.897717103743776223e-04,4.911320845184537860e-04
-2.813757834341783660e-04,2.158309872704582895e-05,6.527865026330872858e-05
-2.914256683445010828e-05,1.841211773506970159e-04,-1.050631169933380658e-04
1.753878192540788223e-07,-6.352160627189210648e-04,-8.649939434711735185e-05
-1.721187801738034034e-05,1.454650945149885859e-04,-3.734055235411088016e-05
1.963708500189534909e-04,-2.406384412799095543e-04,-3.316080844711786959e-04
-5.295966070414658304e-04,9.802768659365388142e-05,1.030846075581939446e-04
-7.464940851188514191e-04,-2.480544980128408122e-04,5.489597062702547911e-05
-7.089165145392072487e-05,2.097538686053986761e-04,1.885434017475382321e-04
1.571638787731576079e-04,4.242522946286347656e-04,-1.963389084729171496e-04
4.597059232541970833e-04,9.751909886432168998e-05,-1.238544353730222582e-04
-3.800847622303615532e-04,6.959428407255624765e-04,3.956014471116591478e-04
-3.107909691842015596e-04,4.488422321685022745e-04,-2.791746386408004815e-05
-4.890153619029226481e-04,-1.027169586641166719e-03,-2.493707997537469032e-04
-3.104143932902711858e-04,-2.586361534541469268e-04,3.413009168300356125e-04
-5.262876953286460720e-05,8.998023650844046584e-05,6.625515906155922060e-05
-2.124694017077032764e-04,1.240888061665760221e-04,3.759401580207396231e-04
1.155475831297055707e-04,-2.479437199127554749e-04,-2.617960345317287257e-04
4.590479894650207390e-04,-7.224113959513177459e-05,-2.890165097261253075e-04
2.101420311213500394e-04,-6.726349996355415501e-05,4.838874900074380649e-04
6.691483487082423734e-05,-7.652821160939657353e-05,9.536127323496650186e-04
-7.390107961537926734e-05,2.517068649661432307e-04,5.561306694264235855e-05
-3.028050017794462856e-04,-1.608643993880301180e-04,-3.921143507676264723e-04
4.107012855957837541e-04,-3.138200641598384399e-04,-1.079822545915168569e-03
7.477727137626448634e-04,-3.431612353178619605e-04,-2.625012696682479772e-05
-2.179872344859158716e-04,7.771199978227373573e-04,-1.155524571413703386e-04
-1.194386091821082827e-03,1.237786677914147829e-04,5.349939605206348097e-04
1.708463309426393650e-04,-4.137190951092272980e-04,2.453708167768744509e-04
-1.716950478189075270e-04,2.536123513089956851e-04,-2.104851643495712462e-05
8.338826199925290870e-04,-1.740689626630727250e-04,5.642756504597051283e-04
-5.020076951024763983e-04,-3.597072133234670895e-04,-2.236948216679987534e-04
-2.567653086692592018e-06,8.097996762761503582e-04,-2.200293719502510661e-04
9.979059663773085734e-05,-6.028249820764987506e-04,-2.505771136010905399e-04
-1.297177558304998910e-04,2.146641552218127693e-04,-1.151545593343441702e-04
-1.692832694050583461e-04,-5.170571549306927526e-04,-5.667110815191000800e-04
3.696438778215003964e-04,1.216819728890345005e-04,4.257996240925407015e-04
-9.561868937607188455e-05,2.338451889449311475e-04,-1.886453611669283487e-04
-7.356021494751557996e-04,-3.299390453336440788e-04,-3.195320552386402436e-04
3.291081001138069953e-04,-4.233880009261653597e-04,1.840840791578700185e-05
-3.716050924279506594e-04,-1.278109693966786465e-06,1.277912027262788522e-05
-5.820913284492584263e-04,-1.983611330704502824e-04,-3.142974985438762693e-04
-2.157233023510229020e-04,-2.249342183648410051e-04,5.315284309301517756e-04
5.833801249231754704e-05,7.472652806529099783e-04,-4.376294260280728259e-05
-5.405509753019671106e-04,-3.546729872019541846e-04,1.733120258462470822e-04
4.980137411202558264e-04,-4.214620919200565250e-04,2.857616647077206593e-04
5.483767560470129516e-06,-6.468421059559494295e-04,-1.885621430933283121e-04
2.539660796025277494e-04,-4.057045699075019453e-04,-2.428671444837165398e-04
-2.840912328986158536e-04,-1.736022909960781952e-04,4.750342640624828503e-05
-2.189407751196689039e-04,-2.423178964675280907e-04,5.847864912669523650e-04
4.163498325425608187e-04,1.825890360742287377e-04,2.799756717290179719e-05
-1.369420021389494496e-04,3.708933802728471346e-04,-6.023554843187258325e-05
-4.525229982835649316e-04,-1.794514243190658729e-04,2.819247176982869155e-05
-5.853506777594458000e-05,5.848018163397306502e-04,4.396314491509129203e-04
1.800461237638310559e-04,2.116998912473207434e-04,1.058329155606092055e-04
1.929567165593514737e-04,3.584357101900392025e-04,-3.613548838438352881e-04
1.012764331645595842e-04,1.132965991779896075e-05,-5.008026916868382923e-04
2.756079166073723929e-04,-2.490533508566683193e-04,-2.888675337064385245e-04
-1.387832264902143762e-04,-1.231211326565898035e-04,-2.794077093230108266e-04
-6.073602902775750200e-04,-2.469348206345355632e-04,3.591924657305123553e-04
-3.272618391019533625e-04,-3.263830009546002994e-04,1.928551192705439579e-04
6.196679476600162840e-04,-3.876569650832540378e-04,-2.971869042903467701e-04
-1.844072278604507072e-04,1.127923515669016760e-04,1.087192723606481682e-04
-1.367645930881644298e-04,3.711552077076087281e-04,2.073162702781881548e-04
2.825237682872740424e-04,-3.798550049852519178e-04,1.481461201643397832e-04
-4.910206720313988436e-04,-5.391950661084498947e-04,7.210861931237272837e-05
3.414864457845759229e-04,6.508375172789944083e-04,3.560057399776531042e-04
-1.252824266931203687e-04,-2.956240911657417587e-04,-1.872673727538372583e-04
-5.484542266952156906e-05,-1.181537741342987297e-04,5.335815981034943431e-04
-4.563295369993616997e-04,2.548757664263327197e-04,-2.273742014205406962e-04
3.070832438794680939e-04,-2.488872440436072533e-04,-3.957269294568860210e-04
-3.421260864747552506e-04,2.847320728674394017e-04,1.034820571469980301e-05
-1.563576834019254707e-04,1.983658040660471315e-04,1.069691539103439950e-04
-2.217189938271896591e-04,8.439159986299223125e-05,-5.471470920364201497e-04
-6.241957481763613829e-04,4.962299070379413328e-04,3.866292193649737102e-04
-5.003048790887759754e-04,-5.676615826792712725e-04,7.697588420266853544e-05
-1.731523050797449529e-04,-3.066623161710936725e-04,-3.490089051181305543e-04
6.200271262861810481e-04,4.089584762320673820e-05,4.874945956810233794e-04
2.979151271611593112e-04,-2.137995727720567505e-05,-5.903042508811952045e-04
4.590390208748526893e-04,-4.352510292662017640e-05,2.010403585251076730e-04
-2.227197071138338697e-04,-3.508147613902596706e-04,-7.539755678560442138e-05
-2.385887125441890234e-05,-2.147551565756713598e-04,2.671248586644306682e-04
4.487131018736945369e-04,1.364797502938708751e-04,1.372989254801472968e-04
4.418292231455256858e-04,-4.731490632468756248e-05,-8.437582121305376446e-04
-5.489031828604228752e-04,-8.688300796783021381e-05,-4.891676215824263593e-04
4.067608206619852422e-05,-4.681254865240422802e-05,-6.061961267400598884e-04
-3.386318482549827385e-05,-3.151639936016257040e-04,-3.598593441701601701e-04
2.979874619185607929e-04,7.604904444880667194e-05,1.983989826415432351e-05
-2.769788408000977754e-04,3.144401916174302341e-04,3.486358505509935942e-04
2.007113726086602449e-04,3.849264873516683601e-04,1.841287483934118951e-04
-3.010225141018172345e-04,-2.245249722126650357e-04,2.196635543119912398e-05
4.902437249505498017e-05,-2.775521404654515277e-04,-6.958548345568321518e-04
-1.929226584137665353e-04,1.831573977568868162e-05,-3.598958885259704601e-04
1.295146531210512539e-04,3.620698476401166990e-04,-1.111044436560416042e-04
-4.456937899051415571e-05,5.987739118905379418e-04,5.996425852331171242e-04
-9.608961125773267029e-05,3.704056587741299481e-04,4.164222784276322463e-04
-1.304413249966266905e-04,4.626382994347578840e-04,-2.447631643871890834e-04
4.036134820215659855e-04,-2.864965843345624696e-04,3.916879547007859618e-05
2.227955969448150008e-04,6.227157808098279573e-04,-3.486481256569287776e-04
2.961248122739814606e-04,-1.812940341655585957e-05,-5.862098456632972802e-04
-7.108920495624030333e-05,1.259106381781622547e-05,-7.703689632950750895e-05
-7.222403958820237469e-04,1.238610709202975604e-04,-5.691068282140153498e-05
-9.821107269931370369e-05,-1.400071885873484451e-04,5.486607504886026549e-04
-5.765586430676167533e-04,1.929851470232187504e-04,-1.631137713191710718e-04
-1.648454834700432202e-05,-1.277955876654532927e-04,-1.895911789142354993e-04
3.442968472799272199e-04,6.320024345915473715e-05,-4.015353286472183366e-04
-6.985526805199201083e-04,-4.249498847502191734e-05,-3.571931760201831909e-04
-4.857381014543548899e-04,1.126152515415352903e-05,-4.178686450777808559e-04
-7.210254415637094546e-05,-3.691596139120203210e-04,9.241837431407932035e-05
1.102549901978880756e-05,-8.735255656981819720e-06,-2.733430061173991780e-04
3.110396175524682977e-04,-3.970686863754038472e-05,-4.911013244524458938e-04
-6.770647981051075093e-04,5.040443778612973061e-04,-2.194398965211284981e-05
5.953032765651594075e-05,-1.681840401543087122e-04,1.397667060929168455e-04
5.953936344736472826e-04,2.320001474751069704e-04,-3.498118263110895550e-05
-9.197814610555670920e-05,6.559084160462548161e-05,4.371290193410508102e-04
2.691412539418657759e-04,4.158107126189553460e-04,-7.909013505649465064e-05
3.638759478768539471e-05,-1.758542869646089770e-04,1.173178807575452130e-04
1.070442642240498801e-04,-1.326547513487315469e-05,1.027508521742091725e-04
5.749492702388556533e-04,-3.202360239147780912e-04,2.888665385723744507e-04
-1.217968136305480545e-05,1.145355464387392012e-04,-1.114035804901957919e-04
-8.252508420624642734e-05,1.066376142294195263e-04,2.416635496231561307e-04
1.970572892303185900e-04,1.530818874557585455e-04,-1.834530953103491653e-04
-5.286117783599808637e-04,4.392425971522533252e-04,2.083353292524784209e-04
-3.237489602745938417e-04,1.478511002050645197e-04,1.181523818641125318e-04
6.014246463362275200e-04,4.288975422003789111e-04,-5.574082114526880586e-06
-1.668170535932469317e-04,-1.077860530301050478e-04,-1.238689042911324137e-04
-3.244468777048035480e-05,5.848775133655537660e-04,-2.499545962110938271e-04
-1.213398624147461280e-04,-3.142010120815586904e-04,5.500949376055767242e-04
-5.035687217087790298e-04,5.207291968245545332e-04,-1.769559937374971456e-04
1.145197366862114153e-04,5.008934770020937247e-04,4.891768082940122549e-04
-6.333659351937902379e-04,-3.515839548204256174e-04,5.638896019965312185e-04
5.889445662687123589e-04,5.551742216812937314e-04,2.904185865223596211e-04
2.104059779591184063e-04,2.406536418586870108e-04,8.127421606240579509e-05
-6.253890340300764577e-04,-5.606915823710596769e-04,-9.380516775329801539e-05
-1.770926234465821790e-04,2.806022225587191427e-04,3.704419108890265322e-04
7.409391629157479784e-05,9.623837679081656082e-05,2.417869080377091709e-04
5.026898718912642221e-04,3.492530487450583353e-04,3.431350147916562357e-04
2.352122559690008208e-04,-4.918993318264744749e-05,-4.217054335833001383e-05
-2.430501700007970214e-04,-2.753169103466972809e-04,2.432060076147187129e-04
-2.660596131735014705e-04,1.826782327728839638e-05,4.746344796709386395e-04
-9.941107765036786659e-05,5.317562751605439631e-04,4.902646431134098778e-04
1.809499784101318220e-04,-4.422089428571792047e-05,-1.318319302807312787e-04
-5.291488827772960427e-04,2.183479945398019686e-04,-7.568724789604766535e-05
-5.234285947177940443e-04,-9.218767286347513245e-05,3.985509057251900088e-04
7.025383785877072600e-06,1.047362245899638222e-04,-2.559210364353117361e-04
5.643203944477538899e-06,2.818662233850603694e-04,-6.067890451310901023e-04
-3.650113095336753218e-04,-2.274392181187882378e-04,-1.235910670537729511e-04
-2.765047693229988682e-04,3.737988246533997133e-04,2.326807505350779904e-04
-1.408926935739842614e-04,4.076877852349556188e-04,-1.497764477602181823e-04
3.095950983699419863e-04,1.392333400699882285e-04,5.932391696448769932e-04
-6.172000319138572309e-04,4.817399247421632323e-04,-3.314234908430755772e-05
-3.556398448841743831e-04,3.880365526805425224e-04,-1.573636685869319294e-04
6.432531481630563840e-05,-3.428972767146372001e-04,2.215952723184905335e-04
4.008847025537001178e-04,2.013746509849661962e-04,-1.660927114843950894e-04
-6.120703131160265282e-04,-3.746564561038492408e-05,-2.956806063053880450e-04
-1.139199534848491180e-04,-4.567762560879175737e-04,-4.166607381303084607e-04
-5.472982007437277968e-05,1.078492155645293787e-04,4.344961549127517703e-04
6.108885462698037377e-06,-8.630834951336151825e-05,-1.049450702581981637e-04
4.631552883968379658e-04,-1.760766459536857766e-04,-7.732590464267660138e-05
1.485497326238353671e-04,-7.936699033406388571e-06,8.347335620994848424e-04
-4.619247520171714124e-04,-8.910718565772469382e-05,8.583925150901149060e-04
5.031546417109647896e-05,-2.660972495627756881e-04,2.219983604497631678e-05
4.018673618753982246e-04,-4.383576757329053449e-05,3.096483220687104468e-04
3.589938865771264884e-04,1.998271593279402417e-04,6.242609542504824142e-04
-3.567039096155540383e-04,-2.392462670063220877e-05,-8.228337370678681390e-04
-3.930424618650009113e-04,3.777368508325590194e-04,-1.691738421888796444e-04
-8.572888445418071430e-05,-1.698848379232694816e-04,-6.020459827352116211e-04
2.362139667171844759e-04,-6.368476715552224925e-05,1.524554457463634478e-04
2.801397991756636300e-04,-6.264080095825357844e-04,-2.740963509787576534e-04
-3.096470688834607963e-05,2.778935064168709256e-04,-5.972838234615420307e-05
3.662881161125639950e-04,5.653626414353050706e-04,6.454284545396373482e-04
-3.147574453955773351e-04,1.358450063501874094e-04,2.715277044678761549e-04
1.211021123275129259e-04,3.458502387018875515e-04,-2.655738701763005769e-05
7.207531303166090416e-04,-1.780325907829126951e-05,-3.368249189037979415e-04
2.106317370434394605e-04,-5.894193635442655489e-05,-5.688397243021468168e-04
-2.987098181928179975e-04,-3.738395405541119934e-04,1.628834628594470649e-04
5.102041154320208173e-04,4.111749956821867552e-04,-1.683656530565642482e-04
-7.306452603451764425e-04,4.772251849529191492e-04,-1.742174082167142319e-04
2.389070741681065875e-04,-1.839961730399136881e-04,-3.478895777726776178e-04
-5.561494146197413493e-05,2.592137700055845758e-04,-9.242098615236262295e-05
-3.505639014232889020e-04,4.576883824892938584e-04,2.620638589395138222e-05
-1.333795297724029057e-04,4.964789140479768060e-04,-3.498835097533934649e-04
-2.322642653688117612e-04,6.863541753303538818e-04,1.338493298595408985e-04
1.045148523448947194e-04,3.575474263141615954e-04,1.204907483326083978e-04
-3.142559077308226833e-04,-4.382647146888056446e-04,-3.902977581465610544e-04
6.499353551448139787e-05,-2.744135240234806309e-04,2.341630717089970582e-05
2.455224882217456090e-04,3.964049755584493390e-05,4.417377995448297468e-04
-2.094148416062853652e-04,5.588711594265305263e-04,7.172206235331102025e-04
1.351152064918374057e-04,4.698195809829138598e-04,-1.215020976579674229e-04
-1.395791778379513994e-05,-1.932544788456120859e-06,-3.911048791810181635e-04
-7.436607882101572639e-05,-9.270190935617844414e-05,3.917315496647642056e-04
3.068262232067373876e-04,2.696106127525886884e-05,4.889375334965632763e-04
2.677993961703616413e-04,-2.546470630326466917e-04,-3.377536668946882933e-05
-1.290026086996416037e-04,-2.651032896011477902e-04,-3.614285648076496615e-04
-1.707716438855846972e-04,-3.998217058101073197e-04,7.309455737187955503e-04
-4.364297590575992244e-04,6.643236180154142101e-05,6.975561520389847014e-04
3.168505149849669736e-04,2.598410728812326461e-04,-9.186873320909140484e-05
-2.409003205934955993e-04,-4.720653279555131162e-05,-4.494050762328294542e-04
7.900225578533484822e-05,2.517519002166777680e-04,2.570840054291732586e-04
5.246621133998373302e-04,1.685489232419329635e-04,2.373136936619215658e-05
1.039784422184257231e-04,-3.623502048010678674e-04,-1.099892936092971738e-04
-5.885528923254192694e-05,4.753951800967338428e-05,3.354517201263508682e-04
1.512558734947245370e-04,2.453451608924100209e-04,-1.955686746578703635e-04
-5.064617469933939544e-05,1.848007403340306718e-04,7.939251431592093532e-05
-1.850028648021268300e-04,2.618535348234145473e-04,-5.082963321032233804e-04
1.782946542077044048e-04,-8.815854199709747684e-05,-5.516493470267252303e-05
-3.643815152032937031e-04,3.081881015041345088e-04,1.109821934779388428e-03
3.575780998169554256e-04,3.904803570676484677e-04,-7.524954765957583532e-05
7.835605777572797481e-05,1.462578346157284500e-04,-3.558322984018942223e-04
-2.690463490193731886e-04,-2.773875066761106057e-04,-7.541652531277227758e-04
3.236932199477119592e-04,2.978498697885945969e-04,1.981404656002180994e-04
-1.104394086664381777e-04,-2.285224925712317869e-04,-1.036037188918192059e-05
1.861178206727989444e-04,-9.677846929399541579e-05,2.410479396921770556e-04
4.326975634210803606e-04,9.617486107902274586e-05,2.010584173765918368e-04
1.518521244891463768e-04,2.218209708958377531e-04,-2.664373346646356413e-04
6.443734761391209202e-04,3.023599534541145258e-04,3.903413885799650752e-04
-3.081799701582173300e-04,-2.677022644463620312e-04,-3.631185109211030617e-05
1.638955170863806601e-04,-4.081025086728971830e-04,-5.742319286940389053e-04
-3.306368035517164689e-04,2.698465723474400223e-04,1.500825496632078842e-04
8.426882509716953230e-04,1.140185810069245428e-04,-2.017184136159922683e-04
3.264063300315283699e-04,-4.512635234560867232e-04,2.481198368458503614e-04
-2.899614672007447638e-04,2.736105816721245065e-04,-4.129356665669247197e-04
-3.683567184652897252e-04,3.689549209689488947e-04,-2.427711754852492131e-04
7.085525609442010978e-05,-4.656263951448175458e-04,-4.206970314105790945e-04
-2.719351846038768400e-04,3.770250018536214936e-04,1.795531522295574036e-04
-5.161035851464610212e-06,-1.504122229578143432e-04,-2.023610147836578822e-04
9.417461555198117221e-06,8.457408790822171121e-05,-4.867659959627866682e-05
-4.481064690544937952e-04,-6.045355346126920180e-04,5.076923156133626242e-05
4.807939555313319856e-04,2.160279452338718974e-04,-4.416327022245192723e-04
7.997902857693381634e-05,6.547299692257639364e-04,-4.211881595512771042e-04
7.400130175323879535e-05,5.660950880824648992e-04,-5.993874724186545964e-04
-3.375452444981224534e-04,-4.601931657962440468e-04,-2.979681797734955325e-04
-5.666753801752919548e-04,7.461945679232691677e-05,3.201690918226426192e-04
-2.174149605245851379e-04,2.198366485645878593e-04,-2.679933168479699062e-04
-5.918260994026201089e-05,-3.825325478038727823e-04,1.013684331497282797e-04
2.131883521071529564e-04,-3.344804172790661278e-04,4.925346167471101808e-05
-6.696788765161224034e-06,-7.223486885792228729e-04,-1.434063323091296787e-04
5.911428762324793824e-04,7.992178173492437494e-05,-8.003536438324676311e-05
-2.909598122159796170e-04,-1.325860400824046203e-04,-5.456317672800147867e-04
-4.981330415945706656e-04,7.022564068028874166e-05,-2.222765451932424237e-04
2.799730124255251246e-05,-3.667497803559847816e-04,-3.343441905743713160e-04
6.838306305685277488e-05,-7.697423494359727691e-05,6.824729216039836059e-04
4.139034981523679728e-05,-1.823883561392617878e-04,-4.957450650219313658e-05
1.575152986937438911e-04,7.944807628532656876e-05,-2.359339524108347065e-04
-1.232244203270430363e-05,4.827523146683388323e-04,1.235483209307679535e-04
2.862039118704801230e-04,3.573762368540071800e-04,-2.241768304680874762e-04
2.987189493979650924e-04,3.088710994897927650e-04,1.266958966599743980e-04
-1.408668334684810700e-04,4.087421900934197082e-04,-3.573863363008559883e-04
2.033131717955262061e-04,-5.541112836497424416e-05,-4.222611606269054954e-04
-1.008042747029366191e-04,-6.111959702152140825e-04,-7.770049401076088149e-04
4.811467725450563733e-05,2.507066085400916442e-04,2.300976254606965706e-04
-4.906755769260738906e-05,2.233986543560062540e-05,4.400703294859718514e-04
-1.406810386899096240e-04,-6.445829978131076277e-05,5.978744274329475181e-04
-4.884565908082201367e-05,-5.656609489003019227e-04,-4.482024329409885904e-04
-2.717578609537667418e-04,-3.657641088252112970e-04,1.521016039391339455e-04
-5.301356597707955519e-04,-2.413837715647707764e-04,-6.583067865979477969e-04
-7.600009126707441432e-04,1.039217194342729485e-04,-5.974308981184371956e-05
-3.934471993818670845e-04,-3.688840439719951741e-06,-6.691889774378847848e-04
-1.324503689837871763e-04,4.624705993551174931e-04,4.021926793243768084e-04
2.095633863721668851e-04,4.312382120309337383e-04,1.843752781939741461e-04
-1.008240845257320174e-04,-2.029293218274567684e-04,-3.869750920626039467e-05
-1.230404540673635304e-04,-1.342509959641596795e-04,-1.266016289454987339e-03
3.595157820865660576e-04,-1.581288524655112950e-04,2.399441019221170324e-04
4.254647536104573676e-04,-1.275347010147563371e-04,2.867285573523357077e-04
2.029291718788730673e-05,-1.259459962234244545e-05,-2.891206238846048631e-04
-1.660725801813075565e-04,3.714639719302102955e-04,5.017674404956044788e-04
-5.427645059112183503e-04,-3.131654820173327466e-04,1.588217886638549421e-04
5.595650429829016753e-04,-2.199873431281855799e-04,-1.027590943501141302e-04
6.675212160194547327e-04,-2.892655956776942123e-04,9.297374049865872133e-05
2.063484021493099704e-04,4.387207164044422533e-04,5.649903918161264423e-04
-2.390917460101036588e-04,2.482578236264199056e-05,-2.764460505232890731e-04
-2.957426893480838122e-04,-1.419153428607236708e-04,-2.128394933270901293e-04
-2.479035823838250858e-04,4.654843015831510480e-05,-2.984641925742386403e-04
-2.166951260055895189e-04,-6.190634191297152741e-05,-4.925858161578223430e-04
3.992589998128823247e-05,4.657079364544544999e-04,-1.392852816605923973e-04
-1.402626576212407945e-04,1.464565009343946002e-04,-7.266445113358830634e-04
-2.373226506259679396e-04,-2.489672201246586369e-05,-1.401920837235954076e-05
-2.851579055581384792e-04,1.960300700304480528e-04,-1.463039803291744175e-04
3.682035353807674950e-04,-1.025476881517908601e-04,-5.665348135444598878e-05
-7.531309681609481613e-05,-3.868572209197666378e-04,3.991715716636358155e-06
4.150205424423933245e-05,4.965545207809379758e-04,1.571419519419525030e-04
3.476952525257465403e-04,9.000221762972501511e-05,-4.209566502988119777e-04
2.887236998193267899e-04,-2.464600095028814480e-05,3.331773003136723253e-05
2.683539021612329903e-05,2.281403109462421647e-04,-3.642490132361510822e-04
1.471855702073188697e-04,-1.964651100619054956e-04,-9.539855725248032228e-05
-6.173811360750359675e-05,1.721709456489872844e-04,1.792091371786522789e-04
4.972764494449361840e-04,8.502300687553902324e-06,2.968080964580621000e-04
-2.817674776517676270e-04,1.672641468561771787e-04,-1.955030631964396737e-05
1.538375554143157876e-04,3.206119760260780441e-04,8.708893603931538400e-05
-2.308669407161879526e-04,-2.882081921109732096e-04,-4.132401705326557126e-05
1.611383768869550904e-04,-1.636040995750363277e-05,3.231626142461443930e-05
-2.351299466270457574e-04,-1.284221903318105587e-04,2.100735849054150288e-04
3.518743546719012630e-05,9.820328890525293285e-05,3.354279906214854617e-04
-2.610950940528151710e-05,6.885412273121615590e-05,-5.201733673609938604e-05
2.088338064128798159e-04,-1.183070533332315798e-04,1.767615350279042475e-04
2.525828169085289561e-05,1.433193219403003339e-04,6.278381063208086856e-05
-7.367155599457503941e-05,1.812272122758424979e-04,6.345301903771948145e-04
4.191400539704521599e-04,-6.551348554625258558e-05,-2.221586636391162319e-04
-3.846716441949211653e-05,1.508595359950479469e-04,-3.200719365363184458e-04
2.047316727802111146e-04,4.813481364508806373e-04,-3.122061871918368320e-04
-3.001972495854807947e-04,-4.271431940105512221e-04,-5.615965752147431683e-04
-1.447911722615198983e-04,-3.738317003176123109e-04,-6.461880236299740767e-04
-7.814286533084767884e-04,-3.054790883206286362e-04,1.903733720639165701e-04
-3.290392591204182834e-05,2.680007323651519848e-04,-5.611033395465309451e-04
5.164817362226768478e-04,3.071428946575970238e-04,-5.636066517260832136e-05
-1.190303334251404608e-04,1.435126850815302598e-04,1.268849150725691376e-04
3.331933857246091200e-04,-7.449170506877296721e-05,-6.696076718408875165e-04
-3.971447820185285377e-04,-1.262643402941845234e-04,2.848943736209246175e-04
2.230612070284718239e-04,-1.262042248492879922e-04,-7.148191555957573084e-04
3.062668431431860450e-04,-8.090509065241971941e-05,-1.763661943112259484e-04
-2.783338627487472465e-04,5.660668192478320601e-04,-1.157955173109912427e-04
8.793354390613238611e-05,-8.535938262628310885e-04,1.011422592609147810e-04
1.339038788538032040e-04,-1.601765302961231680e-04,3.124540895656368494e-05
1.984880090109143573e-04,-4.134056014116442709e-04,-3.771476976683907638e-04
-3.158031914956400629e-04,6.278964944388396637e-04,2.445996169440317305e-05
-2.728929108008330850e-04,3.602539393800049299e-04,-2.820940878205566941e-04
2.277759109576148362e-04,1.826755364471585401e-05,4.751031654385878453e-04
1.984495517216332066e-04,2.557729852288678212e-07,-1.732532837106404871e-04
-1.646950631858417528e-04,3.488619449648048708e-04,-1.533081289717480524e-04
4.772606169749414270e-05,5.055526140687300425e-04,2.317531530001561526e-04
-6.224371244272893173e-04,-1.967732290706936690e-04,-3.116280374441063468e-04
-1.925159433113245969e-04,1.628682335503922011e-04,-9.427056540667351069e-05
3.532230540032376483e-04,-1.103956743053425361e-04,6.823855929576946703e-05
-3.135412593473330909e-05,-9.924501569273009064e-05,9.799490234651679925e-05
-1.301441846321223141e-04,1.034991030581555827e-05,4.491879770920690186e-04
