pos_x,pos_y,pos_z
-2.707029109755523037e+06,4.688711955664515495e+06,3.360431434122325853e+06
-2.707029109755523037e+06,4.688711955664515495e+06,3.360431434122325853e+06
-2.707029109655523207e+06,4.688711955764515325e+06,3.360431434222325683e+06
-2.707029109365523327e+06,4.688711956054515205e+06,3.360431434512325563e+06
-2.707029108804523014e+06,4.688711956615514122e+06,3.360431435073324945e+06
-2.707029107899623923e+06,4.688711957520413212e+06,3.360431435978224501e+06
-2.707029106585214846e+06,4.688711958834823221e+06,3.360431437292633113e+06
-2.707029104802246671e+06,4.688711960617791861e+06,3.360431439075600822e+06
-2.707029102497576270e+06,4.688711962922464125e+06,3.360431441380271688e+06
-2.707029099623373710e+06,4.688711965796668082e+06,3.360431444254475180e+06
-2.707029096136591863e+06,4.688711969283451326e+06,3.360431447741257492e+06
-2.707029091998488177e+06,4.688711973421555944e+06,3.360431451879360247e+06
-2.707029087174195331e+06,4.688711978245850652e+06,3.360431456703652162e+06
-2.707029081632331479e+06,4.688711983787716366e+06,3.360431462245513685e+06
-2.707029075344654266e+06,4.688711990075396374e+06,3.360431468533188570e+06
-2.707029068285744172e+06,4.688711997134308331e+06,3.360431475592095405e+06
-2.707029060432724189e+06,4.688712004987328313e+06,3.360431483445111196e+06
-2.707029051765007433e+06,4.688712013655045070e+06,3.360431492112824228e+06
-2.707029042264061980e+06,4.688712023155990057e+06,3.360431501613765024e+06
-2.707029031913211104e+06,4.688712033506839536e+06,3.360431511964609846e+06
-2.707029020697444677e+06,4.688712044722604565e+06,3.360431523180369288e+06
-2.707029008603254799e+06,4.688712056816792116e+06,3.360431535274550319e+06
-2.707028995618483983e+06,4.688712069801560603e+06,3.360431548259311821e+06
-2.707028981732190121e+06,4.688712083687852137e+06,3.360431562145594507e+06
-2.707028966934525874e+06,4.688712098485513590e+06,3.360431576943246648e+06
-2.707028951216628309e+06,4.688712114203409292e+06,3.360431592661132105e+06
-2.707028934570520651e+06,4.688712130849515088e+06,3.360431609307226259e+06
-2.707028916989023797e+06,4.688712148431008682e+06,3.360431626888708677e+06
-2.707028898465677164e+06,4.688712166954353452e+06,3.360431645412040874e+06
-2.707028878994665574e+06,4.688712186425361782e+06,3.360431664883036632e+06
-2.707028858570755459e+06,4.688712206849268638e+06,3.360431685306929983e+06
-2.707028837189236190e+06,4.688712228230784647e+06,3.360431706688431092e+06
-2.707028814845867921e+06,4.688712250574149191e+06,3.360431729031778872e+06
-2.707028791536835954e+06,4.688712273883176968e+06,3.360431752340788487e+06
-2.707028767258707434e+06,4.688712298161300831e+06,3.360431776618894655e+06
-2.707028742008391302e+06,4.688712323411610909e+06,3.360431801869186573e+06
-2.707028715783106629e+06,4.688712349636889063e+06,3.360431828094446100e+06
-2.707028688580350485e+06,4.688712376839638688e+06,3.360431855297177099e+06
-2.707028660397869535e+06,4.688712405022113584e+06,3.360431883479631040e+06
-2.707028631233635824e+06,4.688712434186340310e+06,3.360431912643835414e+06
-2.707028601085824892e+06,4.688712464334143326e+06,3.360431942791615613e+06
-2.707028569952794816e+06,4.688712495467165485e+06,3.360431973924613092e+06
-2.707028537833067123e+06,4.688712527586884797e+06,3.360432006044306792e+06
-2.707028504725311883e+06,4.688712560694632120e+06,3.360432039152027108e+06
-2.707028470628331415e+06,4.688712594791604206e+06,3.360432073248970322e+06
-2.707028435541049577e+06,4.688712629878878593e+06,3.360432108336214907e+06
-2.707028399462495930e+06,4.688712665957424790e+06,3.360432144414730370e+06
-2.707028362391797360e+06,4.688712703028115444e+06,3.360432181485389359e+06
-2.707028324328168295e+06,4.688712741091735661e+06,3.360432219548977446e+06
-2.707028285270901397e+06,4.688712780148993246e+06,3.360432258606201038e+06
-2.707028245219361037e+06,4.688712820200524293e+06,3.360432298657697160e+06
-2.707028204172974452e+06,4.688712861246900633e+06,3.360432339704037644e+06
-2.707028162131226622e+06,4.688712903288639151e+06,3.360432381745738909e+06
-2.707028119093652815e+06,4.688712946326202713e+06,3.360432424783264752e+06
-2.707028075059836265e+06,4.688712990360009484e+06,3.360432468817032408e+06
-2.707028030029400252e+06,4.688713035390434787e+06,3.360432513847417664e+06
-2.707027984002007172e+06,4.688713081417816691e+06,3.360432559874758590e+06
-2.707027936977352016e+06,4.688713128442459740e+06,3.360432606899359263e+06
-2.707027888955161441e+06,4.688713176464637741e+06,3.360432654921494424e+06
-2.707027839935189113e+06,4.688713225484596565e+06,3.360432703941409010e+06
-2.707027789917212445e+06,4.688713275502558798e+06,3.360432753959326074e+06
-2.707027738901033066e+06,4.688713326518724672e+06,3.360432804975445382e+06
-2.707027686886470299e+06,4.688713378533273004e+06,3.360432856989947148e+06
-2.707027633873363491e+06,4.688713431546364911e+06,3.360432910002992023e+06
-2.707027579861566890e+06,4.688713485558146611e+06,3.360432964014725294e+06
-2.707027524850949179e+06,4.688713540568748489e+06,3.360433019025277812e+06
-2.707027468841392547e+06,4.688713596578289755e+06,3.360433075034767855e+06
-2.707027411832790822e+06,4.688713653586875647e+06,3.360433132043301128e+06
-2.707027353825048078e+06,4.688713711594602093e+06,3.360433190050973557e+06
-2.707027294818079565e+06,4.688713770601555705e+06,3.360433249057870358e+06
-2.707027234811807517e+06,4.688713830607812852e+06,3.360433309064070228e+06
-2.707027173806161620e+06,4.688713891613443382e+06,3.360433370069642086e+06
-2.707027111801079940e+06,4.688713953618509695e+06,3.360433432074648794e+06
-2.707027048796505667e+06,4.688714016623068601e+06,3.360433495079146232e+06
-2.707026984792388044e+06,4.688714080627170391e+06,3.360433559083185159e+06
-2.707026919788680505e+06,4.688714145630861633e+06,3.360433624086811207e+06
-2.707026853785343003e+06,4.688714211634182371e+06,3.360433690090065356e+06
-2.707026786782337353e+06,4.688714278637169860e+06,3.360433757092984859e+06
-2.707026718779632356e+06,4.688714346639857627e+06,3.360433825095603708e+06
-2.707026649777196813e+06,4.688714415642274544e+06,3.360433894097950775e+06
-2.707026579775003251e+06,4.688714485644448549e+06,3.360433964100054000e+06
-2.707026508773028385e+06,4.688714556646403857e+06,3.360434035101936199e+06
-2.707026436771250796e+06,4.688714628648162819e+06,3.360434107103619725e+06
-2.707026363769649994e+06,4.688714701649744995e+06,3.360434180105124600e+06
-2.707026289768208284e+06,4.688714775651167147e+06,3.360434254106467590e+06
-2.707026214766909834e+06,4.688714850652446970e+06,3.360434329107664991e+06
-2.707026138765740208e+06,4.688714926653597504e+06,3.360434405108731706e+06
-2.707026061764686834e+06,4.688715003654630855e+06,3.360434482109679841e+06
-2.707025983763737604e+06,4.688715081655560061e+06,3.360434560110520571e+06
-2.707025904762882274e+06,4.688715160656394437e+06,3.360434639111265540e+06
-2.707025824762111530e+06,4.688715240657144226e+06,3.360434719111924060e+06
-2.707025743761416525e+06,4.688715321657816879e+06,3.360434800112504046e+06
-2.707025661760791205e+06,4.688715403658420779e+06,3.360434882113012485e+06
-2.707025578760228120e+06,4.688715486658963375e+06,3.360434965113456361e+06
-2.707025494759719819e+06,4.688715570659451187e+06,3.360435049113841727e+06
-2.707025409759261180e+06,4.688715655659888871e+06,3.360435134114174638e+06
-2.707025323758848011e+06,4.688715741660282016e+06,3.360435220114460215e+06
-2.707025236758474726e+06,4.688715828660635278e+06,3.360435307114703115e+06
-2.707025148758137599e+06,4.688715916660951450e+06,3.360435395114906598e+06
-2.707025059757832438e+06,4.688716005661234260e+06,3.360435484115074854e+06
-2.707024969757557381e+06,4.688716095661488362e+06,3.360435574115210213e+06
-2.707024878757308237e+06,4.688716186661715619e+06,3.360435665115316398e+06
-2.707024786757084541e+06,4.688716278661918826e+06,3.360435757115395740e+06
-2.707024693756882101e+06,4.688716371662100777e+06,3.360435850115450099e+06
-2.707024599756698590e+06,4.688716465662263334e+06,3.360435944115481339e+06
-2.707024504756532144e+06,4.688716560662409291e+06,3.360436039115492254e+06
-2.707024408756380901e+06,4.688716656662539579e+06,3.360436135115483776e+06
-2.707024311756243929e+06,4.688716753662656993e+06,3.360436232115458231e+06
-2.707024213756119832e+06,4.688716851662761532e+06,3.360436330115417019e+06
-2.707024114756007213e+06,4.688716950662855059e+06,3.360436429115361068e+06
-2.707024014755905606e+06,4.688717050662939437e+06,3.360436529115291312e+06
-2.707023913755813148e+06,4.688717151663015597e+06,3.360436630115209147e+06
-2.707023811755729374e+06,4.688717253663083538e+06,3.360436732115114573e+06
-2.707023708755653817e+06,4.688717356663144194e+06,3.360436835115009453e+06
-2.707023604755585082e+06,4.688717460663197562e+06,3.360436939114894718e+06
-2.707023499755523633e+06,4.688717565663245507e+06,3.360437044114770368e+06
-2.707023393755467609e+06,4.688717671663288027e+06,3.360437150114637800e+06
-2.707023286755416542e+06,4.688717778663326055e+06,3.360437257114497013e+06
-2.707023178755369503e+06,4.688717886663359590e+06,3.360437365114348475e+06
-2.707023069755326491e+06,4.688717995663388632e+06,3.360437474114193581e+06
-2.707022959755287506e+06,4.688718105663414113e+06,3.360437584114032332e+06
-2.707022848755251616e+06,4.688718216663436964e+06,3.360437695113864727e+06
-2.707022736755218357e+06,4.688718328663457185e+06,3.360437807113691233e+06
-2.707022623755187728e+06,4.688718441663475707e+06,3.360437920113511384e+06
-2.707022509755158797e+06,4.688718555663491599e+06,3.360438034113326110e+06
-2.707022394755132031e+06,4.688718670663505793e+06,3.360438149113135878e+06
-2.707022278755106498e+06,4.688718786663518287e+06,3.360438265112942550e+06
-2.707022161755082197e+06,4.688718903663528152e+06,3.360438382112744264e+06
-2.707022043755058665e+06,4.688719021663536318e+06,3.360438500112542417e+06
-2.707021924755036831e+06,4.688719140663542785e+06,3.360438619112336542e+06
-2.707021804755015764e+06,4.688719260663548484e+06,3.360438739112127107e+06
-2.707021683754995931e+06,4.688719381663552485e+06,3.360438860111915041e+06
-2.707021561754976865e+06,4.688719503663554788e+06,3.360438982111699414e+06
-2.707021438754959498e+06,4.688719626663555391e+06,3.360439105111480691e+06
-2.707021314754942898e+06,4.688719750663555227e+06,3.360439229111258872e+06
-2.707021189754926600e+06,4.688719875663554296e+06,3.360439354111033492e+06
-2.707021063754911534e+06,4.688720001663552597e+06,3.360439480110804550e+06
-2.707020936754897702e+06,4.688720128663549200e+06,3.360439607110572513e+06
-2.707020808754884172e+06,4.688720256663545035e+06,3.360439735110337846e+06
-2.707020679754871409e+06,4.688720385663541034e+06,3.360439864110100549e+06
-2.707020549754859414e+06,4.688720515663536265e+06,3.360439994109860621e+06
-2.707020418754847720e+06,4.688720646663531661e+06,3.360440125109617133e+06
-2.707020286754836328e+06,4.688720778663526289e+06,3.360440257109370548e+06
-2.707020153754825704e+06,4.688720911663521081e+06,3.360440390109121334e+06
-2.707020019754815381e+06,4.688721045663515106e+06,3.360440524108869489e+06
-2.707019884754805360e+06,4.688721180663509294e+06,3.360440659108615480e+06
-2.707019748754795641e+06,4.688721316663502716e+06,3.360440795108358841e+06
-2.707019611754786223e+06,4.688721453663495369e+06,3.360440932108098641e+06
-2.707019473754776642e+06,4.688721591663488187e+06,3.360441070107836276e+06
-2.707019334754766896e+06,4.688721730663480237e+06,3.360441209107571281e+06
-2.707019194754756987e+06,4.688721870663472451e+06,3.360441349107304122e+06
-2.707019053754746448e+06,4.688722011663464829e+06,3.360441490107034799e+06
-2.707018911754735745e+06,4.688722153663457371e+06,3.360441632106762845e+06
-2.707018768754724879e+06,4.688722296663449146e+06,3.360441775106487796e+06
-2.707018624754714314e+06,4.688722440663441084e+06,3.360441919106209651e+06
-2.707018479754704516e+06,4.688722585663434118e+06,3.360442064105927479e+06
-2.707018333754695021e+06,4.688722731663426384e+06,3.360442210105642676e+06
-2.707018186754685361e+06,4.688722878663418815e+06,3.360442357105355244e+06
-2.707018038754675537e+06,4.688723026663410477e+06,3.360442505105065182e+06
-2.707017889754666016e+06,4.688723175663402304e+06,3.360442654104772955e+06
-2.707017739754656330e+06,4.688723325663394295e+06,3.360442804104478098e+06
-2.707017588754647411e+06,4.688723476663386449e+06,3.360442955104181077e+06
-2.707017436754638329e+06,4.688723628663376905e+06,3.360443107103881426e+06
-2.707017283754628152e+06,4.688723781663367525e+06,3.360443260103579145e+06
-2.707017129754618742e+06,4.688723935663358308e+06,3.360443414103273768e+06
-2.707016974754608702e+06,4.688724090663350187e+06,3.360443569102965761e+06
-2.707016818754598964e+06,4.688724246663342230e+06,3.360443725102655590e+06
-2.707016661754589528e+06,4.688724403663334437e+06,3.360443882102342322e+06
-2.707016503754580859e+06,4.688724561663325876e+06,3.360444040102026425e+06
-2.707016344754572026e+06,4.688724720663317479e+06,3.360444199101707898e+06
-2.707016184754563030e+06,4.688724880663309246e+06,3.360444359101386741e+06
-2.707016023754555732e+06,4.688725041663301177e+06,3.360444520101063419e+06
-2.707015861754549202e+06,4.688725203663293272e+06,3.360444682100737002e+06
-2.707015698754542507e+06,4.688725366663285531e+06,3.360444845100408886e+06
-2.707015534754535183e+06,4.688725530663277954e+06,3.360445009100078139e+06
-2.707015369754528627e+06,4.688725695663270541e+06,3.360445174099744763e+06
-2.707015203754522372e+06,4.688725861663263291e+06,3.360445340099408757e+06
-2.707015036754515953e+06,4.688726028663255274e+06,3.360445507099071052e+06
-2.707014868754510768e+06,4.688726196663248353e+06,3.360445675098730251e+06
-2.707014699754504953e+06,4.688726365663241595e+06,3.360445844098386355e+06
-2.707014529754499439e+06,4.688726535663235001e+06,3.360446014098039828e+06
-2.707014358754493762e+06,4.688726706663227640e+06,3.360446185097689275e+06
-2.707014186754487921e+06,4.688726878663219512e+06,3.360446357097335625e+06
-2.707014013754482381e+06,4.688727051663212478e+06,3.360446530096977949e+06
-2.707013839754477609e+06,4.688727225663204677e+06,3.360446704096616246e+06
-2.707013664754473139e+06,4.688727400663197041e+06,3.360446879096251912e+06
-2.707013488754468970e+06,4.688727576663189568e+06,3.360447055095884483e+06
-2.707013311754465569e+06,4.688727753663182259e+06,3.360447232095513027e+06
-2.707013133754462469e+06,4.688727931663175113e+06,3.360447410095138010e+06
-2.707012954754459206e+06,4.688728110663168132e+06,3.360447589094759431e+06
-2.707012774754456244e+06,4.688728290663161315e+06,3.360447769094378222e+06
-2.707012593754453585e+06,4.688728471663154662e+06,3.360447950093993451e+06
-2.707012411754451692e+06,4.688728653663148172e+06,3.360448132093606982e+06
-2.707012228754449170e+06,4.688728836663141847e+06,3.360448315093217883e+06
-2.707012044754446950e+06,4.688729020663135685e+06,3.360448499092825688e+06
-2.707011859754445497e+06,4.688729205663129687e+06,3.360448684092429932e+06
-2.707011673754444346e+06,4.688729391663123854e+06,3.360448870092030615e+06
-2.707011486754443496e+06,4.688729578663118184e+06,3.360449057091629133e+06
-2.707011298754443415e+06,4.688729766663112678e+06,3.360449245091225021e+06
-2.707011109754443634e+06,4.688729955663107336e+06,3.360449434090817813e+06
-2.707010919754443225e+06,4.688730145663101226e+06,3.360449624090407509e+06
-2.707010728754443116e+06,4.688730336663095281e+06,3.360449815089994576e+06
-2.707010536754443776e+06,4.688730528663089499e+06,3.360450007089578547e+06
-2.707010343754444737e+06,4.688730721663083881e+06,3.360450200089159887e+06
-2.707010149754445534e+06,4.688730915663077496e+06,3.360450394088736735e+06
-2.707009954754446167e+06,4.688731110663071275e+06,3.360450589088311419e+06
-2.707009758754446637e+06,4.688731306663064286e+06,3.360450785087883007e+06
-2.707009561754446477e+06,4.688731503663058393e+06,3.360450982087451033e+06
-2.707009363754446618e+06,4.688731701663051732e+06,3.360451180087015964e+06
-2.707009164754447062e+06,4.688731900663045235e+06,3.360451379086578730e+06
-2.707008964754446875e+06,4.688732100663037971e+06,3.360451579086139333e+06
-2.707008763754446525e+06,4.688732301663029939e+06,3.360451780085698236e+06
-2.707008561754446477e+06,4.688732503663021140e+06,3.360451982085254509e+06
-2.707008358754446264e+06,4.688732706663012505e+06,3.360452185084808618e+06
-2.707008154754445422e+06,4.688732910663004033e+06,3.360452389084359631e+06
-2.707007949754444417e+06,4.688733115662995726e+06,3.360452594083908014e+06
-2.707007743754444178e+06,4.688733321662986651e+06,3.360452800083453301e+06
-2.707007536754443310e+06,4.688733528662977740e+06,3.360453007082995959e+06
-2.707007328754442278e+06,4.688733736662968993e+06,3.360453215082535520e+06
-2.707007119754441082e+06,4.688733945662959479e+06,3.360453424082072452e+06
-2.707006909754439723e+06,4.688734155662949197e+06,3.360453634081607684e+06
-2.707006698754438665e+06,4.688734366662939079e+06,3.360453845081140287e+06
-2.707006486754437443e+06,4.688734578662929125e+06,3.360454057080669794e+06
-2.707006273754436988e+06,4.688734791662919335e+06,3.360454270080196206e+06
-2.707006059754436370e+06,4.688735005662909709e+06,3.360454484079719521e+06
-2.707005844754436053e+06,4.688735220662901178e+06,3.360454699079241604e+06
-2.707005628754436038e+06,4.688735436662892811e+06,3.360454915078761987e+06
-2.707005411754436791e+06,4.688735653662884608e+06,3.360455132078280207e+06
-2.707005193754438311e+06,4.688735871662875637e+06,3.360455350077796262e+06
-2.707004974754439667e+06,4.688736090662866831e+06,3.360455569077310618e+06
-2.707004754754441325e+06,4.688736310662858188e+06,3.360455789076823741e+06
-2.707004533754442818e+06,4.688736531662848778e+06,3.360456010076335166e+06
-2.707004311754444614e+06,4.688736753662838601e+06,3.360456232075845357e+06
-2.707004088754446711e+06,4.688736976662828587e+06,3.360456455075353850e+06
-2.707003864754450042e+06,4.688737200662818737e+06,3.360456679074861109e+06
-2.707003639754454140e+06,4.688737425662809052e+06,3.360456904074366204e+06
-2.707003413754458074e+06,4.688737651662799530e+06,3.360457130073869601e+06
-2.707003186754462775e+06,4.688737878662789240e+06,3.360457357073371764e+06
-2.707002958754467312e+06,4.688738106662779115e+06,3.360457585072871763e+06
-2.707002729754471686e+06,4.688738335662768222e+06,3.360457814072369132e+06
-2.707002499754477292e+06,4.688738565662757494e+06,3.360458044071864337e+06
-2.707002268754482735e+06,4.688738796662746929e+06,3.360458275071357843e+06
-2.707002036754487548e+06,4.688739028662735596e+06,3.360458507070848718e+06
-2.707001803754492663e+06,4.688739261662724428e+06,3.360458740070337430e+06
-2.707001569754498079e+06,4.688739495662713423e+06,3.360458974069824908e+06
-2.707001334754503332e+06,4.688739730662703514e+06,3.360459209069310222e+06
-2.707001098754509352e+06,4.688739966662692837e+06,3.360459445068793837e+06
-2.707000861754515674e+06,4.688740203662683256e+06,3.360459682068275753e+06
-2.707000623754522763e+06,4.688740441662672907e+06,3.360459920067755505e+06
-2.707000384754529689e+06,4.688740680662663653e+06,3.360460159067234024e+06
-2.707000144754537847e+06,4.688740920662654564e+06,3.360460399066710379e+06
-2.706999903754546307e+06,4.688741161662645638e+06,3.360460640066185035e+06
-2.706999661754554603e+06,4.688741403662636876e+06,3.360460882065657992e+06
-2.706999418754563667e+06,4.688741646662628278e+06,3.360461125065129716e+06
-2.706999174754572567e+06,4.688741890662619844e+06,3.360461369064599741e+06
-2.706998929754582234e+06,4.688742135662611574e+06,3.360461614064068068e+06
-2.706998683754591737e+06,4.688742381662603468e+06,3.360461860063533764e+06
-2.706998436754601542e+06,4.688742628662595525e+06,3.360462107062998693e+06
-2.706998188754611649e+06,4.688742876662587747e+06,3.360462355062461924e+06
-2.706997939754622988e+06,4.688743125662580132e+06,3.360462604061923921e+06
-2.706997689754634164e+06,4.688743375662572682e+06,3.360462854061384685e+06
-2.706997438754645642e+06,4.688743626662566327e+06,3.360463105060843751e+06
-2.706997186754656956e+06,4.688743878662560135e+06,3.360463357060301583e+06
-2.706996933754669037e+06,4.688744131662554108e+06,3.360463610059757717e+06
-2.706996679754681885e+06,4.688744385662549175e+06,3.360463864059212152e+06
-2.706996424754695967e+06,4.688744640662544407e+06,3.360464119058664888e+06
-2.706996168754710350e+06,4.688744896662540734e+06,3.360464375058116391e+06
-2.706995911754725967e+06,4.688745153662537225e+06,3.360464632057566661e+06
-2.706995653754740953e+06,4.688745411662533879e+06,3.360464890057015698e+06
-2.706995394754756708e+06,4.688745670662530698e+06,3.360465149056463502e+06
-2.706995134754772764e+06,4.688745930662527680e+06,3.360465409055909608e+06
-2.706994873754788656e+06,4.688746191662524827e+06,3.360465670055354945e+06
-2.706994611754804850e+06,4.688746453662523068e+06,3.360465932054798584e+06
-2.706994348754821811e+06,4.688746716662522405e+06,3.360466195054240990e+06
-2.706994084754839074e+06,4.688746980662522838e+06,3.360466459053681698e+06
-2.706993819754856639e+06,4.688747245662523434e+06,3.360466724053121172e+06
-2.706993553754874971e+06,4.688747511662525125e+06,3.360466990052559413e+06
-2.706993286754894070e+06,4.688747778662527911e+06,3.360467257051995955e+06
-2.706993018754913937e+06,4.688748046662530862e+06,3.360467525051431265e+06
-2.706992749754934572e+06,4.688748315662533976e+06,3.360467794050865341e+06
-2.706992479754956439e+06,4.688748585662538186e+06,3.360468064050298184e+06
-2.706992208754979074e+06,4.688748856662543491e+06,3.360468335049729329e+06
-2.706991936755002476e+06,4.688749128662548959e+06,3.360468607049159706e+06
-2.706991663755027112e+06,4.688749401662555523e+06,3.360468880048588850e+06
-2.706991389755052514e+06,4.688749675662563182e+06,3.360469154048016760e+06
-2.706991114755079150e+06,4.688749950662571006e+06,3.360469429047443438e+06
-2.706990838755107019e+06,4.688750226662579924e+06,3.360469705046869349e+06
-2.706990561755136121e+06,4.688750503662589937e+06,3.360469982046293560e+06
-2.706990283755166456e+06,4.688750781662601046e+06,3.360470260045715608e+06
-2.706990004755197559e+06,4.688751060662613250e+06,3.360470539045136422e+06
-2.706989724755229894e+06,4.688751340662626550e+06,3.360470819044556934e+06
-2.706989443755263463e+06,4.688751621662640944e+06,3.360471100043976214e+06
-2.706989161755298264e+06,4.688751903662656434e+06,3.360471382043394726e+06
-2.706988878755333368e+06,4.688752186662672088e+06,3.360471665042812470e+06
-2.706988594755369704e+06,4.688752470662687905e+06,3.360471949042228982e+06
-2.706988309755407274e+06,4.688752755662704818e+06,3.360472234041644260e+06
-2.706988023755446076e+06,4.688753041662721895e+06,3.360472520041058306e+06
-2.706987736755486578e+06,4.688753328662740067e+06,3.360472807040470652e+06
-2.706987448755527847e+06,4.688753616662758403e+06,3.360473095039881766e+06
-2.706987159755569883e+06,4.688753905662777834e+06,3.360473384039290249e+06
-2.706986869755612686e+06,4.688754195662797429e+06,3.360473674038697500e+06
-2.706986578755657189e+06,4.688754486662819050e+06,3.360473965038103517e+06
-2.706986286755701993e+06,4.688754778662840836e+06,3.360474257037507836e+06
-2.706985993755747098e+06,4.688755071662862785e+06,3.360474550036911387e+06
-2.706985699755792506e+06,4.688755365662885830e+06,3.360474844036312774e+06
-2.706985404755839147e+06,4.688755660662909038e+06,3.360475139035712462e+06
-2.706985108755886555e+06,4.688755956662933342e+06,3.360475435035110451e+06
-2.706984811755935196e+06,4.688756253662957810e+06,3.360475732034506276e+06
-2.706984513755985070e+06,4.688756551662983373e+06,3.360476030033901334e+06
-2.706984214756036177e+06,4.688756850663010031e+06,3.360476329033294693e+06
-2.706983914756088983e+06,4.688757150663036853e+06,3.360476629032686353e+06
-2.706983613756142091e+06,4.688757451663064770e+06,3.360476930032076780e+06
-2.706983311756196432e+06,4.688757753663092852e+06,3.360477232031465974e+06
-2.706983008756251540e+06,4.688758056663121097e+06,3.360477535030853935e+06
-2.706982704756307881e+06,4.688758360663151368e+06,3.360477839030240197e+06
-2.706982399756365456e+06,4.688758665663182735e+06,3.360478144029625226e+06
-2.706982093756423797e+06,4.688758971663215198e+06,3.360478450029008556e+06
-2.706981786756483372e+06,4.688759278663247824e+06,3.360478757028390653e+06
-2.706981478756544180e+06,4.688759586663281545e+06,3.360479065027771052e+06
-2.706981169756606221e+06,4.688759895663315430e+06,3.360479374027148820e+06
-2.706980859756668564e+06,4.688760205663350411e+06,3.360479684026525356e+06
-2.706980548756731208e+06,4.688760516663385555e+06,3.360479995025900193e+06
-2.706980236756795086e+06,4.688760828663421795e+06,3.360480307025273331e+06
-2.706979923756860662e+06,4.688761141663459130e+06,3.360480620024644304e+06
-2.706979609756927472e+06,4.688761455663496628e+06,3.360480934024013579e+06
-2.706979294756995048e+06,4.688761770663534291e+06,3.360481249023381155e+06
-2.706978978757063858e+06,4.688762086663572118e+06,3.360481565022746567e+06
-2.706978661757133435e+06,4.688762403663611040e+06,3.360481882022109814e+06
-2.706978343757204246e+06,4.688762721663651057e+06,3.360482200021470431e+06
-2.706978024757276289e+06,4.688763040663692169e+06,3.360482519020828418e+06
-2.706977704757348634e+06,4.688763360663733445e+06,3.360482839020183776e+06
-2.706977383757422213e+06,4.688763681663774885e+06,3.360483160019537900e+06
-2.706977061757496092e+06,4.688764003663817421e+06,3.360483482018889859e+06
-2.706976738757570274e+06,4.688764326663860120e+06,3.360483805018239189e+06
-2.706976414757644758e+06,4.688764650663903914e+06,3.360484129017586354e+06
-2.706976089757720008e+06,4.688764975663948804e+06,3.360484454016931355e+06
-2.706975763757796492e+06,4.688765301663993858e+06,3.360484780016275123e+06
-2.706975436757872812e+06,4.688765628664040007e+06,3.360485107015616260e+06
-2.706975108757950366e+06,4.688765956664086320e+06,3.360485435014955234e+06
-2.706974779758028686e+06,4.688766285664134659e+06,3.360485764014292508e+06
-2.706974449758108240e+06,4.688766615664183162e+06,3.360486094013628084e+06
-2.706974118758188561e+06,4.688766946664231829e+06,3.360486425012962427e+06
-2.706973786758269183e+06,4.688767278664281592e+06,3.360486757012295537e+06
-2.706973453758350108e+06,4.688767611664330587e+06,3.360487090011627413e+06
-2.706973119758431334e+06,4.688767945664380677e+06,3.360487424010958057e+06
-2.706972784758512862e+06,4.688768280664432794e+06,3.360487759010286070e+06
-2.706972448758594692e+06,4.688768616664485075e+06,3.360488095009611920e+06
-2.706972111758677755e+06,4.688768953664538451e+06,3.360488432008935604e+06
-2.706971773758761585e+06,4.688769291664592922e+06,3.360488770008257590e+06
-2.706971434758846648e+06,4.688769630664646626e+06,3.360489109007578343e+06
-2.706971094758932479e+06,4.688769970664701425e+06,3.360489449006896932e+06
-2.706970753759019077e+06,4.688770311664756387e+06,3.360489790006213356e+06
-2.706970411759105977e+06,4.688770653664811514e+06,3.360490132005527616e+06
-2.706970068759193644e+06,4.688770996664865874e+06,3.360490475004840642e+06
-2.706969724759282079e+06,4.688771340664921328e+06,3.360490819004151970e+06
-2.706969379759371281e+06,4.688771685664976947e+06,3.360491164003461599e+06
-2.706969033759462647e+06,4.688772031665033661e+06,3.360491510002770461e+06
-2.706968686759554315e+06,4.688772378665091470e+06,3.360491857002077624e+06
-2.706968338759646751e+06,4.688772726665149443e+06,3.360492205001384020e+06
-2.706967989759739488e+06,4.688773075665207580e+06,3.360492554000688717e+06
-2.706967639759832993e+06,4.688773425665265881e+06,3.360492903999992181e+06
-2.706967288759926800e+06,4.688773776665324345e+06,3.360493254999294411e+06
-2.706966936760021839e+06,4.688774128665383905e+06,3.360493606998594943e+06
-2.706966583760117646e+06,4.688774481665443629e+06,3.360493959997893777e+06
-2.706966229760213755e+06,4.688774835665503517e+06,3.360494313997190911e+06
-2.706965874760311097e+06,4.688775190665563568e+06,3.360494668996486347e+06
-2.706965518760408740e+06,4.688775546665624715e+06,3.360495024995780084e+06
-2.706965161760507151e+06,4.688775903665686026e+06,3.360495381995072588e+06
-2.706964803760606330e+06,4.688776261665748432e+06,3.360495739994363394e+06
-2.706964444760706276e+06,4.688776620665811002e+06,3.360496098993652500e+06
-2.706964084760806989e+06,4.688776980665874667e+06,3.360496458992940374e+06
-2.706963723760908935e+06,4.688777341665939428e+06,3.360496819992226548e+06
-2.706963361761011649e+06,4.688777703666004352e+06,3.360497181991511490e+06
-2.706962998761114664e+06,4.688778066666070372e+06,3.360497544990795664e+06
-2.706962634761218913e+06,4.688778430666137487e+06,3.360497908990077674e+06
-2.706962269761323929e+06,4.688778795666205697e+06,3.360498273989358451e+06
-2.706961903761430178e+06,4.688779161666275002e+06,3.360498639988637529e+06
-2.706961536761536729e+06,4.688779528666344471e+06,3.360499006987914443e+06
-2.706961168761644512e+06,4.688779896666414104e+06,3.360499374987189658e+06
-2.706960799761753529e+06,4.688780265666484833e+06,3.360499743986462709e+06
-2.706960429761862848e+06,4.688780635666555725e+06,3.360500113985734526e+06
-2.706960058761972934e+06,4.688781006666627713e+06,3.360500484985004179e+06
-2.706959686762084253e+06,4.688781378666699864e+06,3.360500856984272134e+06
-2.706959313762194943e+06,4.688781751666772179e+06,3.360501229983538855e+06
-2.706958939762306865e+06,4.688782125666846521e+06,3.360501603982803412e+06
-2.706958564762420021e+06,4.688782500666921027e+06,3.360501978982066270e+06
-2.706958188762534410e+06,4.688782876666997559e+06,3.360502354981327895e+06
-2.706957811762650032e+06,4.688783253667075187e+06,3.360502731980588287e+06
-2.706957433762765955e+06,4.688783631667152978e+06,3.360503109979846980e+06
-2.706957054762881715e+06,4.688784010667231865e+06,3.360503488979103975e+06
-2.706956674762997776e+06,4.688784390667311847e+06,3.360503868978359737e+06
-2.706956293763115071e+06,4.688784771667391993e+06,3.360504249977612868e+06
-2.706955911763233598e+06,4.688785153667472303e+06,3.360504631976864301e+06
-2.706955528763352428e+06,4.688785536667552777e+06,3.360505014976114035e+06
-2.706955144763471559e+06,4.688785920667634346e+06,3.360505398975361604e+06
-2.706954759763591457e+06,4.688786305667717010e+06,3.360505783974607009e+06
-2.706954373763712589e+06,4.688786691667800769e+06,3.360506169973849319e+06
-2.706953986763834953e+06,4.688787078667883761e+06,3.360506556973090395e+06
-2.706953598763958085e+06,4.688787466667967848e+06,3.360506944972330239e+06
-2.706953209764081985e+06,4.688787855668052100e+06,3.360507333971567918e+06
-2.706952819764206186e+06,4.688788245668137446e+06,3.360507723970803898e+06
-2.706952428764331155e+06,4.688788636668222956e+06,3.360508114970037714e+06
-2.706952036764456891e+06,4.688789028668308631e+06,3.360508506969270296e+06
-2.706951643764583860e+06,4.688789421668395400e+06,3.360508899968501180e+06
-2.706951249764711130e+06,4.688789815668483265e+06,3.360509293967730831e+06
-2.706950854764840100e+06,4.688790210668571293e+06,3.360509688966959715e+06
-2.706950458764968906e+06,4.688790606668661349e+06,3.360510084966186900e+06
-2.706950061765099410e+06,4.688791003668751568e+06,3.360510481965412851e+06
-2.706949663765230216e+06,4.688791401668841019e+06,3.360510879964638036e+06
-2.706949264765361790e+06,4.688791800668931566e+06,3.360511278963862453e+06
-2.706948864765494596e+06,4.688792200669022277e+06,3.360511678963085636e+06
-2.706948463765628170e+06,4.688792601669113152e+06,3.360512079962307122e+06
-2.706948061765762046e+06,4.688793003669205122e+06,3.360512481961527839e+06
-2.706947658765896689e+06,4.688793406669296324e+06,3.360512884960746858e+06
-2.706947254766032100e+06,4.688793810669387691e+06,3.360513288959965110e+06
-2.706946849766168278e+06,4.688794215669479221e+06,3.360513693959182594e+06
-2.706946443766304757e+06,4.688794621669570915e+06,3.360514099958399311e+06
-2.706946036766441539e+06,4.688795028669662774e+06,3.360514506957614794e+06
-2.706945628766579553e+06,4.688795436669754796e+06,3.360514914956829045e+06
-2.706945219766717404e+06,4.688795845669846982e+06,3.360515323956042528e+06
-2.706944809766855557e+06,4.688796255669938400e+06,3.360515733955254778e+06
-2.706944398766994476e+06,4.688796666670029983e+06,3.360516144954466261e+06
-2.706943986767133698e+06,4.688797078670122661e+06,3.360516556953676045e+06
-2.706943573767273221e+06,4.688797491670215502e+06,3.360516969952885993e+06
-2.706943159767413046e+06,4.688797905670307577e+06,3.360517383952093776e+06
-2.706942744767553639e+06,4.688798320670400746e+06,3.360517798951299861e+06
-2.706942328767694999e+06,4.688798736670494080e+06,3.360518214950504713e+06
-2.706941911767837591e+06,4.688799153670586646e+06,3.360518631949707866e+06
-2.706941493767980486e+06,4.688799571670679376e+06,3.360519049948909786e+06
-2.706941074768123683e+06,4.688799990670773201e+06,3.360519468948110472e+06
-2.706940654768268112e+06,4.688800410670867190e+06,3.360519888947309926e+06
-2.706940233768412843e+06,4.688800831670961343e+06,3.360520309946507681e+06
-2.706939811768558808e+06,4.688801253671056591e+06,3.360520731945704203e+06
-2.706939388768705074e+06,4.688801676671152934e+06,3.360521154944899026e+06
-2.706938964768851642e+06,4.688802100671249442e+06,3.360521578944093082e+06
-2.706938539768998977e+06,4.688802525671346113e+06,3.360522003943284974e+06
-2.706938113769146614e+06,4.688802951671443880e+06,3.360522429942475166e+06
-2.706937686769294553e+06,4.688803378671541810e+06,3.360522856941663660e+06
-2.706937258769442793e+06,4.688803806671639904e+06,3.360523284940850455e+06
-2.706936829769592267e+06,4.688804235671739094e+06,3.360523713940035086e+06
-2.706936399769742507e+06,4.688804665671839379e+06,3.360524143939218484e+06
-2.706935968769893982e+06,4.688805096671939828e+06,3.360524574938399717e+06
-2.706935536770044826e+06,4.688805528672041371e+06,3.360525006937578321e+06
-2.706935103770195972e+06,4.688805961672144011e+06,3.360525439936755225e+06
-2.706934669770348351e+06,4.688806395672246814e+06,3.360525873935930897e+06
-2.706934234770501032e+06,4.688806830672349781e+06,3.360526308935104404e+06
-2.706933798770653550e+06,4.688807266672453843e+06,3.360526744934275746e+06
-2.706933361770806834e+06,4.688807703672558069e+06,3.360527181933444925e+06
-2.706932923770960420e+06,4.688808141672663391e+06,3.360527619932611939e+06
-2.706932484771114308e+06,4.688808580672768876e+06,3.360528058931776322e+06
-2.706932044771268964e+06,4.688809020672874525e+06,3.360528498930938542e+06
-2.706931603771423921e+06,4.688809461672980338e+06,3.360528939930097666e+06
-2.706931161771579180e+06,4.688809903673086315e+06,3.360529381929254625e+06
-2.706930718771734741e+06,4.688810346673193388e+06,3.360529824928409420e+06
-2.706930274771891069e+06,4.688810790673300624e+06,3.360530268927561585e+06
-2.706929829772047233e+06,4.688811235673408955e+06,3.360530713926712051e+06
-2.706929383772204164e+06,4.688811681673518382e+06,3.360531159925859887e+06
-2.706928936772361863e+06,4.688812128673627973e+06,3.360531606925006025e+06
-2.706928488772520330e+06,4.688812576673736796e+06,3.360532054924150463e+06
-2.706928039772679564e+06,4.688813025673846714e+06,3.360532503923293203e+06
-2.706927589772839099e+06,4.688813475673956797e+06,3.360532953922433779e+06
-2.706927138772999868e+06,4.688813926674067043e+06,3.360533404921573121e+06
-2.706926686773160938e+06,4.688814378674178384e+06,3.360533856920710765e+06
-2.706926233773322776e+06,4.688814831674289890e+06,3.360534309919847175e+06
-2.706925779773485381e+06,4.688815285674401559e+06,3.360534763918981422e+06
-2.706925324773648288e+06,4.688815740674513392e+06,3.360535218918113504e+06
-2.706924868773811497e+06,4.688816196674625389e+06,3.360535674917244352e+06
-2.706924411773974542e+06,4.688816653674738482e+06,3.360536131916373502e+06
-2.706923953774137888e+06,4.688817111674852669e+06,3.360536589915500954e+06
-2.706923494774301536e+06,4.688817570674967021e+06,3.360537048914626706e+06
-2.706923034774465486e+06,4.688818030675080605e+06,3.360537508913750295e+06
-2.706922573774629738e+06,4.688818491675196216e+06,3.360537969912872184e+06
-2.706922111774795223e+06,4.688818953675311990e+06,3.360538431911991443e+06
-2.706921648774960078e+06,4.688819416675427929e+06,3.360538894911108539e+06
-2.706921184775124770e+06,4.688819880675543100e+06,3.360539358910223935e+06
-2.706920719775289763e+06,4.688820345675659366e+06,3.360539823909337632e+06
-2.706920253775455523e+06,4.688820811675775796e+06,3.360540289908448700e+06
-2.706919786775621586e+06,4.688821278675892390e+06,3.360540756907558069e+06
-2.706919318775787484e+06,4.688821746676008217e+06,3.360541224906665273e+06
-2.706918849775953684e+06,4.688822215676123276e+06,3.360541693905770313e+06
-2.706918379776120186e+06,4.688822685676237568e+06,3.360542163904873654e+06
-2.706917908776287455e+06,4.688823156676352024e+06,3.360542634903974831e+06
-2.706917436776455026e+06,4.688823628676466644e+06,3.360543106903073844e+06
-2.706916963776622899e+06,4.688824101676581427e+06,3.360543579902170226e+06
-2.706916489776791073e+06,4.688824575676696375e+06,3.360544053901263978e+06
-2.706916014776960015e+06,4.688825050676810555e+06,3.360544528900354635e+06
-2.706915538777129725e+06,4.688825526676924899e+06,3.360545004899442662e+06
-2.706915061777299270e+06,4.688826003677039407e+06,3.360545481898528524e+06
-2.706914583777468186e+06,4.688826481677153148e+06,3.360545959897611756e+06
-2.706914104777637403e+06,4.688826960677266121e+06,3.360546438896693755e+06
-2.706913624777805991e+06,4.688827440677378327e+06,3.360546918895773590e+06
-2.706913143777974416e+06,4.688827921677489765e+06,3.360547399894850794e+06
-2.706912661778142210e+06,4.688828403677602299e+06,3.360547881893925369e+06
-2.706912178778309375e+06,4.688828886677714065e+06,3.360548364892997313e+06
-2.706911694778476842e+06,4.688829370677825995e+06,3.360548848892066628e+06
-2.706911209778644145e+06,4.688829855677937157e+06,3.360549333891133778e+06
-2.706910723778811283e+06,4.688830341678048484e+06,3.360549819890198298e+06
-2.706910236778978724e+06,4.688830828678160906e+06,3.360550306889261119e+06
-2.706909748779146001e+06,4.688831316678271629e+06,3.360550794888322242e+06
-2.706909259779313114e+06,4.688831805678382516e+06,3.360551283887381200e+06
-2.706908769779480062e+06,4.688832295678492635e+06,3.360551773886437993e+06
-2.706908278779646382e+06,4.688832786678602919e+06,3.360552264885493554e+06
-2.706907786779812537e+06,4.688833278678712435e+06,3.360552756884546950e+06
-2.706907293779978994e+06,4.688833771678822115e+06,3.360553249883597717e+06
-2.706906799780144822e+06,4.688834265678931959e+06,3.360553743882646319e+06
-2.706906304780310020e+06,4.688834760679041035e+06,3.360554238881692290e+06
-2.706905808780475520e+06,4.688835256679150276e+06,3.360554734880735166e+06
-2.706905311780639924e+06,4.688835753679258749e+06,3.360555231879775878e+06
-2.706904813780804630e+06,4.688836251679367386e+06,3.360555729878814425e+06
-2.706904314780969638e+06,4.688836750679475255e+06,3.360556228877850343e+06
-2.706903814781134482e+06,4.688837250679583289e+06,3.360556728876884561e+06
-2.706903313781300094e+06,4.688837751679690555e+06,3.360557229875916149e+06
-2.706902811781466007e+06,4.688838253679797985e+06,3.360557731874945574e+06
-2.706902308781631757e+06,4.688838756679904647e+06,3.360558234873972833e+06
-2.706901804781797808e+06,4.688839260680011474e+06,3.360558738872997928e+06
-2.706901299781964161e+06,4.688839765680117533e+06,3.360559243872021791e+06
-2.706900793782130349e+06,4.688840271680222824e+06,3.360559749871043023e+06
-2.706900286782296374e+06,4.688840778680327348e+06,3.360560256870062556e+06
-2.706899778782462236e+06,4.688841286680432037e+06,3.360560764869080391e+06
-2.706899269782627467e+06,4.688841795680535957e+06,3.360561273868096061e+06
-2.706898759782793000e+06,4.688842305680640042e+06,3.360561783867109101e+06
-2.706898248782958370e+06,4.688842816680743359e+06,3.360562294866119046e+06
-2.706897736783124041e+06,4.688843328680846840e+06,3.360562806865126826e+06
-2.706897223783290014e+06,4.688843841680950485e+06,3.360563319864132442e+06
-2.706896709783456754e+06,4.688844355681053363e+06,3.360563833863135893e+06
-2.706896194783623796e+06,4.688844870681157336e+06,3.360564348862137645e+06
-2.706895678783790208e+06,4.688845386681261472e+06,3.360564864861137699e+06
-2.706895161783957388e+06,4.688845903681365773e+06,3.360565381860135589e+06
-2.706894643784124404e+06,4.688846421681470238e+06,3.360565899859131780e+06
-2.706894124784291722e+06,4.688846940681573935e+06,3.360566418858125806e+06
-2.706893604784458876e+06,4.688847460681677796e+06,3.360566938857118133e+06
-2.706893083784626331e+06,4.688847981681781821e+06,3.360567459856108297e+06
-2.706892561784794088e+06,4.688848503681886010e+06,3.360567981855097227e+06
-2.706892038784962613e+06,4.688849026681989431e+06,3.360568504854084924e+06
-2.706891514785132371e+06,4.688849550682093948e+06,3.360569028853070457e+06
-2.706890989785301965e+06,4.688850075682198629e+06,3.360569553852053825e+06
-2.706890463785470929e+06,4.688850601682304405e+06,3.360570079851034563e+06
-2.706889936785641126e+06,4.688851128682410344e+06,3.360570606850013603e+06
-2.706889408785811160e+06,4.688851656682516448e+06,3.360571134848990478e+06
-2.706888879785981495e+06,4.688852185682621785e+06,3.360571663847965654e+06
-2.706888349786151666e+06,4.688852715682726353e+06,3.360572193846938666e+06
-2.706887818786321208e+06,4.688853246682831086e+06,3.360572724845909514e+06
-2.706887286786490586e+06,4.688853778682936914e+06,3.360573256844878197e+06
-2.706886753786659800e+06,4.688854311683041975e+06,3.360573789843844716e+06
-2.706886219786828849e+06,4.688854845683147199e+06,3.360574323842809070e+06
-2.706885684786998201e+06,4.688855380683252588e+06,3.360574858841771726e+06
-2.706885148787167855e+06,4.688855916683357209e+06,3.360575394840731751e+06
-2.706884611787337344e+06,4.688856453683461063e+06,3.360575931839689612e+06
-2.706884073787506670e+06,4.688856991683565080e+06,3.360576469838645309e+06
-2.706883534787675831e+06,4.688857530683668330e+06,3.360577008837598376e+06
-2.706882994787845295e+06,4.688858070683770813e+06,3.360577548836549278e+06
-2.706882453788015060e+06,4.688858611683873460e+06,3.360578089835497551e+06
-2.706881911788184661e+06,4.688859153683976270e+06,3.360578631834443193e+06
-2.706881368788354099e+06,4.688859696684079245e+06,3.360579174833386205e+06
-2.706880824788523838e+06,4.688860240684182383e+06,3.360579718832327053e+06
-2.706880279788693413e+06,4.688860785684285685e+06,3.360580263831265271e+06
-2.706879733788863290e+06,4.688861331684389152e+06,3.360580809830201790e+06
-2.706879186789033003e+06,4.688861878684492782e+06,3.360581356829136144e+06
-2.706878638789202552e+06,4.688862426684596576e+06,3.360581904828068800e+06
-2.706878089789372403e+06,4.688862975684699602e+06,3.360582453826999757e+06
-2.706877539789541624e+06,4.688863525684802793e+06,3.360583003825928550e+06
-2.706876988789710682e+06,4.688864076684906147e+06,3.360583554824854713e+06
-2.706876436789880507e+06,4.688864628685008734e+06,3.360584106823778246e+06
-2.706875883790049702e+06,4.688865181685111485e+06,3.360584659822699148e+06
-2.706875329790218733e+06,4.688865735685213469e+06,3.360585213821616955e+06
-2.706874774790387601e+06,4.688866290685315616e+06,3.360585768820531666e+06
-2.706874218790556304e+06,4.688866846685417928e+06,3.360586324819443282e+06
-2.706873661790724844e+06,4.688867403685520403e+06,3.360586881818352267e+06
-2.706873103790893219e+06,4.688867961685623042e+06,3.360587439817258157e+06
-2.706872544791061431e+06,4.688868520685724914e+06,3.360587998816161416e+06
-2.706871984791230410e+06,4.688869080685826018e+06,3.360588558815062046e+06
-2.706871423791398760e+06,4.688869641685927287e+06,3.360589119813959580e+06
-2.706870861791566946e+06,4.688870203686029650e+06,3.360589681812854949e+06
-2.706870298791734967e+06,4.688870766686131246e+06,3.360590244811748620e+06
-2.706869734791902825e+06,4.688871330686233006e+06,3.360590808810638729e+06
-2.706869169792070985e+06,4.688871895686333999e+06,3.360591373809527140e+06
-2.706868603792239446e+06,4.688872461686435156e+06,3.360591939808412921e+06
-2.706868036792408209e+06,4.688873028686536476e+06,3.360592506807296071e+06
-2.706867468792576343e+06,4.688873596686637029e+06,3.360593074806176592e+06
-2.706866899792742915e+06,4.688874165686737746e+06,3.360593643805054482e+06
-2.706866329792909790e+06,4.688874735686838627e+06,3.360594213803929277e+06
-2.706865758793076035e+06,4.688875306686937809e+06,3.360594784802802373e+06
-2.706865186793243047e+06,4.688875878687038086e+06,3.360595356801672839e+06
-2.706864613793409895e+06,4.688876451687138528e+06,3.360595929800540209e+06
-2.706864039793577045e+06,4.688877025687239133e+06,3.360596503799404483e+06
-2.706863464793744031e+06,4.688877600687339902e+06,3.360597078798266128e+06
-2.706862888793910854e+06,4.688878176687439904e+06,3.360597654797125142e+06
-2.706862311794077512e+06,4.688878753687539138e+06,3.360598231795982458e+06
-2.706861733794244938e+06,4.688879331687638536e+06,3.360598809794838075e+06
-2.706861154794411268e+06,4.688879910687736236e+06,3.360599388793691061e+06
-2.706860574794577435e+06,4.688880490687834099e+06,3.360599968792540953e+06
-2.706859993794743437e+06,4.688881071687931195e+06,3.360600549791388679e+06
-2.706859411794909276e+06,4.688881653688027523e+06,3.360601131790232379e+06
-2.706858828795074951e+06,4.688882236688124016e+06,3.360601714789072983e+06
-2.706858244795239996e+06,4.688882820688220672e+06,3.360602298787909560e+06
-2.706857659795404878e+06,4.688883405688317493e+06,3.360602883786743507e+06
-2.706857073795569595e+06,4.688883991688412614e+06,3.360603469785575289e+06
-2.706856486795734148e+06,4.688884578688508831e+06,3.360604056784403976e+06
-2.706855898795899469e+06,4.688885166688604280e+06,3.360604644783230033e+06
-2.706855309796063695e+06,4.688885755688700825e+06,3.360605233782053459e+06
-2.706854719796228223e+06,4.688886345688796602e+06,3.360605823780873790e+06
-2.706854128796392120e+06,4.688886936688892543e+06,3.360606414779691026e+06
-2.706853536796556320e+06,4.688887528688987717e+06,3.360607006778505165e+06
-2.706852943796719890e+06,4.688888121689083055e+06,3.360607599777315743e+06
-2.706852349796883762e+06,4.688888715689177625e+06,3.360608193776123691e+06
-2.706851754797047935e+06,4.688889310689272359e+06,3.360608788774928078e+06
-2.706851158797211945e+06,4.688889906689367257e+06,3.360609384773729369e+06
-2.706850561797376256e+06,4.688890503689461388e+06,3.360609981772527564e+06
-2.706849963797541335e+06,4.688891101689556614e+06,3.360610579771323130e+06
-2.706849364797707181e+06,4.688891700689651072e+06,3.360611178770115599e+06
-2.706848764797872864e+06,4.688892300689745694e+06,3.360611778768905438e+06
-2.706848163798038382e+06,4.688892901689840481e+06,3.360612379767692648e+06
-2.706847561798203737e+06,4.688893503689934500e+06,3.360612981766476762e+06
-2.706846958798369858e+06,4.688894106690029614e+06,3.360613584765257780e+06
-2.706846354798536282e+06,4.688894710690124892e+06,3.360614188764036167e+06
-2.706845749798703007e+06,4.688895315690219402e+06,3.360614793762811925e+06
-2.706845143798870035e+06,4.688895921690314077e+06,3.360615399761585519e+06
-2.706844536799036898e+06,4.688896528690409847e+06,3.360616006760356016e+06
-2.706843928799203597e+06,4.688897136690505780e+06,3.360616614759123418e+06
-2.706843319799371529e+06,4.688897745690602809e+06,3.360617223757887725e+06
-2.706842709799540229e+06,4.688898355690700933e+06,3.360617833756648935e+06
-2.706842098799709696e+06,4.688898966690799221e+06,3.360618444755407050e+06
-2.706841486799879000e+06,4.688899578690897673e+06,3.360619056754161604e+06
-2.706840873800048139e+06,4.688900191690996289e+06,3.360619669752913993e+06
-2.706840259800217580e+06,4.688900805691094138e+06,3.360620283751663286e+06
-2.706839644800387789e+06,4.688901420691192150e+06,3.360620898750409950e+06
-2.706839028800558299e+06,4.688902036691290326e+06,3.360621514749153517e+06
-2.706838411800728645e+06,4.688902653691387735e+06,3.360622131747894455e+06
-2.706837793800898362e+06,4.688903271691485308e+06,3.360622749746631831e+06
-2.706837174801067915e+06,4.688903890691583045e+06,3.360623368745365646e+06
-2.706836554801237304e+06,4.688904510691680945e+06,3.360623988744096830e+06
-2.706835933801406994e+06,4.688905131691779010e+06,3.360624609742824920e+06
-2.706835311801576521e+06,4.688905753691877238e+06,3.360625231741550379e+06
-2.706834688801746350e+06,4.688906376691974699e+06,3.360625854740273207e+06
-2.706834064801916014e+06,4.688907000692072324e+06,3.360626478738993872e+06
-2.706833439802085515e+06,4.688907625692169182e+06,3.360627103737711441e+06
-2.706832813802255783e+06,4.688908251692266203e+06,3.360627729736425914e+06
-2.706832186802425887e+06,4.688908878692364320e+06,3.360628356735137291e+06
-2.706831558802596759e+06,4.688909506692463532e+06,3.360628984733845573e+06
-2.706830929802767932e+06,4.688910135692561977e+06,3.360629613732551225e+06
-2.706830299802939408e+06,4.688910765692659654e+06,3.360630243731253780e+06
-2.706829668803111184e+06,4.688911396692757495e+06,3.360630874729953241e+06
-2.706829036803282797e+06,4.688912028692854568e+06,3.360631506728649605e+06
-2.706828403803454246e+06,4.688912661692951806e+06,3.360632139727342408e+06
-2.706827769803625066e+06,4.688913295693049207e+06,3.360632773726032116e+06
-2.706827134803795721e+06,4.688913930693146773e+06,3.360633408724718262e+06
-2.706826498803966213e+06,4.688914566693244502e+06,3.360634044723401312e+06
-2.706825861804136541e+06,4.688915203693341464e+06,3.360634681722081732e+06
-2.706825223804306705e+06,4.688915841693437658e+06,3.360635319720759057e+06
-2.706824584804476239e+06,4.688916480693533085e+06,3.360635958719432820e+06
-2.706823944804645143e+06,4.688917120693628676e+06,3.360636598718103487e+06
-2.706823303804812953e+06,4.688917761693723500e+06,3.360637239716771524e+06
-2.706822661804980598e+06,4.688918403693817556e+06,3.360637881715436000e+06
-2.706822018805147614e+06,4.688919046693910845e+06,3.360638524714097381e+06
-2.706821374805314001e+06,4.688919690694004297e+06,3.360639168712754734e+06
-2.706820729805479292e+06,4.688920335694097914e+06,3.360639813711409457e+06
-2.706820083805644419e+06,4.688920981694190763e+06,3.360640459710061550e+06
-2.706819436805810314e+06,4.688921628694282845e+06,3.360641106708711945e+06
-2.706818788805975579e+06,4.688922276694373228e+06,3.360641754707360175e+06
-2.706818139806140214e+06,4.688922925694463775e+06,3.360642403706007171e+06
-2.706817489806304220e+06,4.688923575694553554e+06,3.360643053704652004e+06
-2.706816838806468062e+06,4.688924226694642566e+06,3.360643704703294672e+06
-2.706816186806631740e+06,4.688924878694731742e+06,3.360644356701934244e+06
-2.706815533806795720e+06,4.688925531694820151e+06,3.360645009700571653e+06
-2.706814879806959536e+06,4.688926185694908723e+06,3.360645663699207362e+06
-2.706814224807122257e+06,4.688926840694998391e+06,3.360646318697841372e+06
-2.706813568807284813e+06,4.688927496695087291e+06,3.360646974696473219e+06
-2.706812911807447672e+06,4.688928153695176356e+06,3.360647631695102900e+06
-2.706812253807610366e+06,4.688928811695265584e+06,3.360648289693730418e+06
-2.706811594807771966e+06,4.688929470695354044e+06,3.360648948692356236e+06
-2.706810934807933401e+06,4.688930130695442669e+06,3.360649608690979891e+06
-2.706810273808095139e+06,4.688930791695529595e+06,3.360650269689602312e+06
-2.706809611808256712e+06,4.688931453695616685e+06,3.360650931688222568e+06
-2.706808948808418121e+06,4.688932116695703939e+06,3.360651594686840661e+06
-2.706808284808579367e+06,4.688932780695790425e+06,3.360652258685457520e+06
-2.706807619808741380e+06,4.688933445695876144e+06,3.360652923684072681e+06
-2.706806953808902763e+06,4.688934111695962027e+06,3.360653589682686608e+06
-2.706806286809063982e+06,4.688934778696047142e+06,3.360654256681298371e+06
-2.706805618809224572e+06,4.688935446696132421e+06,3.360654924679907970e+06
-2.706804949809384998e+06,4.688936115696217865e+06,3.360655593678515404e+06
-2.706804279809545260e+06,4.688936785696302541e+06,3.360656263677121606e+06
-2.706803608809705824e+06,4.688937456696387380e+06,3.360656934675724711e+06
-2.706802936809865758e+06,4.688938128696472384e+06,3.360657606674326118e+06
-2.706802263810025994e+06,4.688938801696556620e+06,3.360658279672925361e+06
-2.706801589810186531e+06,4.688939475696641020e+06,3.360658953671523370e+06
-2.706800914810347836e+06,4.688940150696725585e+06,3.360659628670119215e+06
-2.706800238810509909e+06,4.688940826696810313e+06,3.360660304668713361e+06
-2.706799561810672749e+06,4.688941503696894273e+06,3.360660981667305809e+06
-2.706798883810834959e+06,4.688942181696977466e+06,3.360661659665896557e+06
-2.706798204810996540e+06,4.688942860697059892e+06,3.360662338664485142e+06
-2.706797524811159354e+06,4.688943540697142482e+06,3.360663018663071096e+06
-2.706796843811322004e+06,4.688944221697226167e+06,3.360663699661654420e+06
-2.706796161811484024e+06,4.688944903697310016e+06,3.360664381660236046e+06
-2.706795478811646812e+06,4.688945586697394028e+06,3.360665064658815507e+06
-2.706794794811810367e+06,4.688946270697478205e+06,3.360665748657391872e+06
-2.706794109811973292e+06,4.688946955697562546e+06,3.360666433655966539e+06
-2.706793423812136520e+06,4.688947641697646119e+06,3.360667119654539041e+06
-2.706792736812299583e+06,4.688948328697729856e+06,3.360667806653109845e+06
-2.706792048812462483e+06,4.688949016697813757e+06,3.360668494651678484e+06
-2.706791359812626150e+06,4.688949705697897822e+06,3.360669183650245424e+06
-2.706790669812790118e+06,4.688950395697982050e+06,3.360669873648810200e+06
-2.706789978812953923e+06,4.688951086698066443e+06,3.360670564647373278e+06
-2.706789286813117564e+06,4.688951778698151000e+06,3.360671256645933725e+06
-2.706788593813281506e+06,4.688952471698234789e+06,3.360671949644492008e+06
-2.706787899813444819e+06,4.688953165698317811e+06,3.360672643643048126e+06
-2.706787204813608434e+06,4.688953860698401928e+06,3.360673338641602546e+06
-2.706786508813771885e+06,4.688954556698486209e+06,3.360674034640154801e+06
-2.706785811813936103e+06,4.688955253698571585e+06,3.360674731638705358e+06
-2.706785113814100157e+06,4.688955951698656194e+06,3.360675429637253284e+06
-2.706784414814264048e+06,4.688956650698740967e+06,3.360676128635799512e+06
-2.706783714814428240e+06,4.688957350698824972e+06,3.360676828634344507e+06
-2.706783013814593200e+06,4.688958051698908210e+06,3.360677529632887803e+06
-2.706782311814758461e+06,4.688958753698991612e+06,3.360678231631428469e+06
-2.706781608814923558e+06,4.688959456699075177e+06,3.360678934629966971e+06
-2.706780904815088958e+06,4.688960160699158907e+06,3.360679638628503773e+06
-2.706780199815254193e+06,4.688960865699241869e+06,3.360680343627037946e+06
-2.706779493815419264e+06,4.688961571699324995e+06,3.360681049625569489e+06
-2.706778786815584172e+06,4.688962278699407354e+06,3.360681756624098867e+06
-2.706778078815749381e+06,4.688962986699489877e+06,3.360682464622626081e+06
-2.706777369815914892e+06,4.688963695699572563e+06,3.360683173621152062e+06
-2.706776659816080239e+06,4.688964405699653551e+06,3.360683883619675413e+06
-2.706775948816245422e+06,4.688965116699734703e+06,3.360684594618196599e+06
-2.706775236816410907e+06,4.688965828699815087e+06,3.360685306616715156e+06
-2.706774523816577159e+06,4.688966541699895635e+06,3.360686019615231548e+06
-2.706773809816743713e+06,4.688967255699976347e+06,3.360686733613745309e+06
-2.706773094816910569e+06,4.688967970700057223e+06,3.360687448612256907e+06
-2.706772378817076795e+06,4.688968686700138263e+06,3.360688164610767271e+06
-2.706771661817243788e+06,4.688969403700219467e+06,3.360688881609275937e+06
-2.706770943817411549e+06,4.688970121700300835e+06,3.360689599607782904e+06
-2.706770224817580078e+06,4.688970840700382367e+06,3.360690318606288172e+06
-2.706769504817747977e+06,4.688971560700464994e+06,3.360691038604791276e+06
-2.706768783817917574e+06,4.688972281700546853e+06,3.360691759603293147e+06
-2.706768061818086077e+06,4.688973003700628877e+06,3.360692481601792388e+06
-2.706767338818254881e+06,4.688973726700712927e+06,3.360693204600288998e+06
-2.706766614818423986e+06,4.688974450700796209e+06,3.360693928598783910e+06
-2.706765889818592928e+06,4.688975175700879656e+06,3.360694653597275726e+06
-2.706765163818762172e+06,4.688975901700963266e+06,3.360695379595765844e+06
-2.706764436818931252e+06,4.688976628701047041e+06,3.360696106594253797e+06
-2.706763708819101099e+06,4.688977356701130979e+06,3.360696834592740983e+06
-2.706762979819271248e+06,4.688978085701214150e+06,3.360697563591226004e+06
-2.706762249819441233e+06,4.688978815701297484e+06,3.360698293589709327e+06
-2.706761518819611520e+06,4.688979546701380983e+06,3.360699024588190019e+06
-2.706760786819782574e+06,4.688980278701464646e+06,3.360699756586669013e+06
-2.706760053819953930e+06,4.688981011701547541e+06,3.360700489585145842e+06
-2.706759319820124656e+06,4.688981745701629668e+06,3.360701223583621439e+06
-2.706758584820296615e+06,4.688982480701712891e+06,3.360701958582094871e+06
-2.706757848820468411e+06,4.688983216701796278e+06,3.360702694580566604e+06
-2.706757111820640508e+06,4.688983953701879829e+06,3.360703431579036638e+06
-2.706756373820812907e+06,4.688984691701962613e+06,3.360704169577504974e+06
-2.706755634820985142e+06,4.688985430702044629e+06,3.360704908575971145e+06
-2.706754894821157679e+06,4.688986170702126808e+06,3.360705648574435152e+06
-2.706754153821330052e+06,4.688986911702208221e+06,3.360706389572896995e+06
-2.706753411821502727e+06,4.688987653702290729e+06,3.360707131571356673e+06
-2.706752668821675237e+06,4.688988396702373400e+06,3.360707874569814187e+06
-2.706751924821848050e+06,4.688989140702455305e+06,3.360708618568269536e+06
-2.706751179822021164e+06,4.688989885702537373e+06,3.360709363566722255e+06
-2.706750433822194580e+06,4.688990631702618673e+06,3.360710109565172810e+06
-2.706749686822368298e+06,4.688991378702700138e+06,3.360710856563621666e+06
-2.706748938822541852e+06,4.688992126702780835e+06,3.360711604562068358e+06
-2.706748189822715707e+06,4.688992875702862628e+06,3.360712353560513817e+06
-2.706747439822889399e+06,4.688993625702944584e+06,3.360713103558957111e+06
-2.706746688823062927e+06,4.688994376703025773e+06,3.360713854557398241e+06
-2.706745936823236290e+06,4.688995128703106195e+06,3.360714606555837672e+06
-2.706745183823409490e+06,4.688995881703186780e+06,3.360715359554275405e+06
-2.706744429823582526e+06,4.688996635703266598e+06,3.360716113552710973e+06
-2.706743674823755398e+06,4.688997390703345649e+06,3.360716868551145773e+06
-2.706742918823927641e+06,4.688998146703423932e+06,3.360717624549579341e+06
-2.706742161824099720e+06,4.688998903703502379e+06,3.360718381548011210e+06
-2.706741403824271634e+06,4.688999661703580990e+06,3.360719139546441380e+06
-2.706740644824443385e+06,4.689000420703658834e+06,3.360719898544869386e+06
-2.706739884824614972e+06,4.689001180703735910e+06,3.360720658543295693e+06
-2.706739123824785929e+06,4.689001941703813151e+06,3.360721419541718904e+06
-2.706738361824957188e+06,4.689002703703890555e+06,3.360722181540139485e+06
-2.706737598825129215e+06,4.689003466703968123e+06,3.360722944538557902e+06
-2.706736834825301077e+06,4.689004230704045855e+06,3.360723708536973689e+06
-2.706736069825472310e+06,4.689004995704122819e+06,3.360724473535386845e+06
-2.706735303825642914e+06,4.689005761704199947e+06,3.360725239533798303e+06
-2.706734536825812887e+06,4.689006528704276308e+06,3.360726006532207597e+06
-2.706733768825981766e+06,4.689007296704352833e+06,3.360726774530614261e+06
-2.706732999826150015e+06,4.689008065704429522e+06,3.360727543529017828e+06
-2.706732229826317634e+06,4.689008835704505444e+06,3.360728313527418301e+06
-2.706731458826485090e+06,4.689009606704580598e+06,3.360729084525816143e+06
-2.706730686826651916e+06,4.689010378704654984e+06,3.360729856524211820e+06
-2.706729913826818112e+06,4.689011151704729535e+06,3.360730629522605799e+06
-2.706729139826982748e+06,4.689011925704803318e+06,3.360731403520997614e+06
-2.706728364827147219e+06,4.689012700704875402e+06,3.360732178519386332e+06
-2.706727588827311061e+06,4.689013476704946719e+06,3.360732954517771956e+06
-2.706726811827473808e+06,4.689014253705017269e+06,3.360733731516155880e+06
-2.706726033827635925e+06,4.689015031705087051e+06,3.360734509514537174e+06
-2.706725254827797879e+06,4.689015810705156066e+06,3.360735288512913976e+06
-2.706724474827959202e+06,4.689016590705224313e+06,3.360736068511288147e+06
-2.706723693828119896e+06,4.689017371705291793e+06,3.360736849509659689e+06
-2.706722911828279495e+06,4.689018153705358505e+06,3.360737631508028600e+06
-2.706722128828438465e+06,4.689018936705424450e+06,3.360738414506394882e+06
-2.706721344828596339e+06,4.689019720705490559e+06,3.360739198504758533e+06
-2.706720559828754049e+06,4.689020505705555901e+06,3.360739983503120486e+06
-2.706719773828910664e+06,4.689021291705620475e+06,3.360740769501480274e+06
-2.706718986829067115e+06,4.689022078705685213e+06,3.360741556499836966e+06
-2.706718198829222936e+06,4.689022866705749184e+06,3.360742344498191960e+06
-2.706717409829378594e+06,4.689023655705813318e+06,3.360743133496543858e+06
-2.706716619829533622e+06,4.689024445705876686e+06,3.360743923494892195e+06
-2.706715828829688020e+06,4.689025236705939285e+06,3.360744714493237436e+06
-2.706715036829842255e+06,4.689026028706002049e+06,3.360745506491579115e+06
-2.706714243829996791e+06,4.689026821706064045e+06,3.360746299489918165e+06
-2.706713449830151163e+06,4.689027615706125274e+06,3.360747093488254584e+06
-2.706712654830304440e+06,4.689028410706186667e+06,3.360747888486587442e+06
-2.706711858830458019e+06,4.689029206706247292e+06,3.360748684484917205e+06
-2.706711061830610503e+06,4.689030003706307150e+06,3.360749481483243406e+06
-2.706710263830762357e+06,4.689030801706367172e+06,3.360750279481567442e+06
-2.706709464830914047e+06,4.689031600706426427e+06,3.360751078479888383e+06
-2.706708664831065107e+06,4.689032400706484914e+06,3.360751878478205763e+06
-2.706707863831215538e+06,4.689033201706543565e+06,3.360752679476520047e+06
-2.706707061831365339e+06,4.689034003706601448e+06,3.360753481474830769e+06
-2.706706258831515443e+06,4.689034806706659496e+06,3.360754284473138861e+06
-2.706705454831664916e+06,4.689035610706717707e+06,3.360755088471443858e+06
-2.706704649831814226e+06,4.689036415706776083e+06,3.360755893469745293e+06
-2.706703843831964303e+06,4.689037221706834622e+06,3.360756699468042701e+06
-2.706703036832115147e+06,4.689038028706893325e+06,3.360757506466337945e+06
-2.706702228832265828e+06,4.689038836706952192e+06,3.360758314464630559e+06
-2.706701419832416344e+06,4.689039645707011223e+06,3.360759123462918680e+06
-2.706700609832567163e+06,4.689040455707070418e+06,3.360759933461204171e+06
-2.706699798832717352e+06,4.689041266707128845e+06,3.360760744459485635e+06
-2.706698986832868308e+06,4.689042078707187437e+06,3.360761556457764003e+06
-2.706698173833019100e+06,4.689042891707246192e+06,3.360762369456038810e+06
-2.706697359833169729e+06,4.689043705707304180e+06,3.360763183454310056e+06
-2.706696544833319727e+06,4.689044520707363263e+06,3.360763998452577740e+06
-2.706695728833469097e+06,4.689045336707422510e+06,3.360764814450841397e+06
-2.706694911833617836e+06,4.689046153707482852e+06,3.360765631449100561e+06
-2.706694093833766412e+06,4.689046971707543358e+06,3.360766449447355699e+06
-2.706693274833914358e+06,4.689047790707604028e+06,3.360767268445606809e+06
-2.706692454834061675e+06,4.689048610707664862e+06,3.360768088443853892e+06
-2.706691633834208827e+06,4.689049431707725860e+06,3.360768909442097880e+06
-2.706690811834356748e+06,4.689050253707786091e+06,3.360769731440336909e+06
-2.706689988834504969e+06,4.689051076707846485e+06,3.360770554438571911e+06
-2.706689164834653493e+06,4.689051900707906112e+06,3.360771378436802886e+06
-2.706688339834802784e+06,4.689052725707965903e+06,3.360772203435030300e+06
-2.706687513834951911e+06,4.689053551708024926e+06,3.360773029433254153e+06
-2.706686686835101340e+06,4.689054378708085045e+06,3.360773856431473978e+06
-2.706685858835250605e+06,4.689055206708145328e+06,3.360774684429689310e+06
-2.706685029835400172e+06,4.689056035708206706e+06,3.360775513427900616e+06
-2.706684199835550040e+06,4.689056865708268248e+06,3.360776343426108360e+06
-2.706683368835699745e+06,4.689057696708330885e+06,3.360777174424312077e+06
-2.706682536835850216e+06,4.689058528708393686e+06,3.360778006422512699e+06
-2.706681703836000524e+06,4.689059361708457582e+06,3.360778839420710225e+06
-2.706680869836151134e+06,4.689060195708521642e+06,3.360779673418903723e+06
-2.706680034836301580e+06,4.689061030708586797e+06,3.360780508417094592e+06
-2.706679198836451862e+06,4.689061866708652116e+06,3.360781344415281899e+06
-2.706678361836601980e+06,4.689062703708717600e+06,3.360782181413465180e+06
-2.706677523836752865e+06,4.689063541708784178e+06,3.360783019411644433e+06
-2.706676684836903587e+06,4.689064380708849989e+06,3.360783858409820125e+06
-2.706675844837054145e+06,4.689065220708915964e+06,3.360784698407992721e+06
-2.706675003837204538e+06,4.689066061708982103e+06,3.360785539406160824e+06
-2.706674161837355699e+06,4.689066903709048405e+06,3.360786381404325366e+06
-2.706673318837507628e+06,4.689067746709114872e+06,3.360787224402485881e+06
-2.706672474837659858e+06,4.689068590709180571e+06,3.360788068400642835e+06
-2.706671629837813322e+06,4.689069435709245503e+06,3.360788913398795761e+06
-2.706670783837967087e+06,4.689070281709310599e+06,3.360789759396944661e+06
-2.706669936838120688e+06,4.689071128709376790e+06,3.360790606395089533e+06
-2.706669088838274125e+06,4.689071976709443145e+06,3.360791454393230379e+06
-2.706668239838427864e+06,4.689072825709509663e+06,3.360792303391366731e+06
-2.706667389838580973e+06,4.689073675709575415e+06,3.360793153389497660e+06
-2.706666538838733919e+06,4.689074526709642261e+06,3.360794004387624096e+06
-2.706665686838886701e+06,4.689075378709709272e+06,3.360794856385746505e+06
-2.706664833839039318e+06,4.689076231709776446e+06,3.360795709383865353e+06
-2.706663979839192238e+06,4.689077085709843785e+06,3.360796563381978776e+06
-2.706663124839344993e+06,4.689077940709911287e+06,3.360797418380087707e+06
-2.706662268839497585e+06,4.689078796709978953e+06,3.360798274378192611e+06
-2.706661411839650013e+06,4.689079653710045852e+06,3.360799131376293488e+06
-2.706660553839802276e+06,4.689080511710112914e+06,3.360799989374389872e+06
-2.706659694839955308e+06,4.689081370710180141e+06,3.360800848372481763e+06
-2.706658834840108175e+06,4.689082230710247532e+06,3.360801708370569162e+06
-2.706657973840260878e+06,4.689083091710315086e+06,3.360802569368652068e+06
-2.706657111840412952e+06,4.689083953710383736e+06,3.360803431366730947e+06
-2.706656248840565793e+06,4.689084816710452549e+06,3.360804294364805333e+06
-2.706655384840718471e+06,4.689085680710521527e+06,3.360805158362875693e+06
-2.706654519840870984e+06,4.689086545710591599e+06,3.360806023360941093e+06
-2.706653653841023333e+06,4.689087411710662767e+06,3.360806889359002467e+06
-2.706652786841175985e+06,4.689088278710734099e+06,3.360807756357059814e+06
-2.706651918841329403e+06,4.689089146710804664e+06,3.360808624355113134e+06
-2.706651049841483589e+06,4.689090015710875392e+06,3.360809493353161495e+06
-2.706650179841639008e+06,4.689090885710946284e+06,3.360810363351205364e+06
-2.706649308841795195e+06,4.689091756711018272e+06,3.360811234349243809e+06
-2.706648436841951683e+06,4.689092628711090423e+06,3.360812106347278226e+06
-2.706647563842108473e+06,4.689093501711162739e+06,3.360812979345307685e+06
-2.706646689842265565e+06,4.689094375711236149e+06,3.360813853343332652e+06
-2.706645814842422958e+06,4.689095250711310655e+06,3.360814728341353126e+06
-2.706644938842580188e+06,4.689096126711385325e+06,3.360815604339369107e+06
-2.706644061842737254e+06,4.689097003711461090e+06,3.360816481337380130e+06
-2.706643183842894621e+06,4.689097881711537018e+06,3.360817359335387591e+06
-2.706642304843052290e+06,4.689098760711613111e+06,3.360818238333390094e+06
-2.706641424843209796e+06,4.689099640711689368e+06,3.360819118331388105e+06
-2.706640543843368534e+06,4.689100521711765788e+06,3.360819999329381622e+06
-2.706639661843528040e+06,4.689101403711842373e+06,3.360820881327371113e+06
-2.706638778843688313e+06,4.689102286711919121e+06,3.360821764325355645e+06
-2.706637894843848422e+06,4.689103170711996034e+06,3.360822648323336150e+06
-2.706637009844008833e+06,4.689104055712073110e+06,3.360823533321312629e+06
-2.706636123844168615e+06,4.689104941712151282e+06,3.360824419319284614e+06
-2.706635236844328698e+06,4.689105828712229617e+06,3.360825306317252107e+06
-2.706634348844489083e+06,4.689106716712309048e+06,3.360826194315215573e+06
-2.706633459844649769e+06,4.689107605712389573e+06,3.360827083313175011e+06
-2.706632569844810758e+06,4.689108495712470263e+06,3.360827973311130423e+06
-2.706631678844971582e+06,4.689109386712552048e+06,3.360828864309081342e+06
-2.706630786845133174e+06,4.689110278712633997e+06,3.360829756307028234e+06
-2.706629893845294602e+06,4.689111171712716110e+06,3.360830649304972030e+06
-2.706628999845455866e+06,4.689112065712798387e+06,3.360831543302911334e+06
-2.706628104845617432e+06,4.689112960712880827e+06,3.360832438300846610e+06
-2.706627208845778834e+06,4.689113856712963432e+06,3.360833334298777394e+06
-2.706626311845939606e+06,4.689114753713046201e+06,3.360834231296704151e+06
-2.706625413846100215e+06,4.689115651713128202e+06,3.360835129294626880e+06
-2.706624514846260194e+06,4.689116550713210367e+06,3.360836028292545583e+06
-2.706623614846419543e+06,4.689117450713291764e+06,3.360836928290459793e+06
-2.706622713846579194e+06,4.689118351713373326e+06,3.360837829288369045e+06
-2.706621811846738216e+06,4.689119253713455051e+06,3.360838731286273338e+06
-2.706620908846896607e+06,4.689120156713536009e+06,3.360839634284172673e+06
-2.706620004847055301e+06,4.689121060713616200e+06,3.360840538282068446e+06
-2.706619099847213831e+06,4.689121965713696554e+06,3.360841443279960658e+06
-2.706618193847372662e+06,4.689122871713777073e+06,3.360842349277848378e+06
-2.706617286847530864e+06,4.689123778713857755e+06,3.360843256275732536e+06
-2.706616378847688902e+06,4.689124686713938601e+06,3.360844164273612667e+06
-2.706615469847847242e+06,4.689125595714018680e+06,3.360845073271488771e+06
-2.706614559848004486e+06,4.689126505714098923e+06,3.360845983269360848e+06
-2.706613648848161101e+06,4.689127416714179330e+06,3.360846894267228898e+06
-2.706612736848317087e+06,4.689128328714259900e+06,3.360847806265092921e+06
-2.706611823848471977e+06,4.689129241714339703e+06,3.360848719262952451e+06
-2.706610909848626703e+06,4.689130155714418739e+06,3.360849633260808419e+06
-2.706609994848781265e+06,4.689131070714497007e+06,3.360850548258660361e+06
-2.706609078848935198e+06,4.689131986714574508e+06,3.360851464256508742e+06
-2.706608161849088967e+06,4.689132903714651242e+06,3.360852381254352164e+06
-2.706607243849242572e+06,4.689133821714727208e+06,3.360853299252191093e+06
-2.706606324849396478e+06,4.689134740714802407e+06,3.360854218250025529e+06
-2.706605404849550221e+06,4.689135660714876838e+06,3.360855138247855473e+06
-2.706604483849704266e+06,4.689136581714950502e+06,3.360856059245680925e+06
-2.706603561849858612e+06,4.689137503715024330e+06,3.360856981243502349e+06
-2.706602638850011863e+06,4.689138426715098321e+06,3.360857904241318814e+06
-2.706601714850164484e+06,4.689139350715172477e+06,3.360858828239131253e+06
-2.706600789850316010e+06,4.689140275715244934e+06,3.360859753236940131e+06
-2.706599863850466907e+06,4.689141201715316623e+06,3.360860679234744050e+06
-2.706598936850616708e+06,4.689142128715388477e+06,3.360861606232543942e+06
-2.706598008850766346e+06,4.689143056715459563e+06,3.360862534230340272e+06
-2.706597079850914422e+06,4.689143985715529881e+06,3.360863463228132110e+06
-2.706596149851061404e+06,4.689144915715599433e+06,3.360864393225919455e+06
-2.706595218851207290e+06,4.689145846715667285e+06,3.360865324223701842e+06
-2.706594286851353012e+06,4.689146778715735301e+06,3.360866256221479736e+06
-2.706593353851498105e+06,4.689147711715802550e+06,3.360867189219253603e+06
-2.706592419851642102e+06,4.689148645715869032e+06,3.360868123217022978e+06
-2.706591484851785935e+06,4.689149580715934746e+06,3.360869058214788325e+06
-2.706590548851929605e+06,4.689150516715999693e+06,3.360869994212549645e+06
-2.706589611852072179e+06,4.689151453716063872e+06,3.360870931210305542e+06
-2.706588673852213658e+06,4.689152391716128215e+06,3.360871869208057411e+06
-2.706587734852354974e+06,4.689153330716190860e+06,3.360872808205805253e+06
-2.706586794852496125e+06,4.689154270716253668e+06,3.360873748203549534e+06
-2.706585853852636181e+06,4.689155211716315709e+06,3.360874689201289788e+06
-2.706584911852775607e+06,4.689156153716377914e+06,3.360875631199024152e+06
-2.706583968852914870e+06,4.689157096716439351e+06,3.360876574196753558e+06
-2.706583024853053503e+06,4.689158040716500022e+06,3.360877518194478471e+06
-2.706582079853191040e+06,4.689158985716559924e+06,3.360878463192198891e+06
-2.706581133853327949e+06,4.689159931716619059e+06,3.360879409189915285e+06
-2.706580186853463296e+06,4.689160878716678359e+06,3.360880356187628116e+06
-2.706579238853598014e+06,4.689161826716736890e+06,3.360881304185336456e+06
-2.706578289853731636e+06,4.689162775716794655e+06,3.360882253183039371e+06
-2.706577339853863697e+06,4.689163725716851652e+06,3.360883203180738259e+06
-2.706576388853995129e+06,4.689164676716906950e+06,3.360884154178432189e+06
-2.706575436854125466e+06,4.689165628716960549e+06,3.360885106176122092e+06
-2.706574483854255173e+06,4.689166581717014313e+06,3.360886059173807502e+06
-2.706573529854383320e+06,4.689167535717065446e+06,3.360887013171488885e+06
-2.706572574854509905e+06,4.689168490717116743e+06,3.360887968169165775e+06
-2.706571618854634929e+06,4.689169446717167273e+06,3.360888924166837707e+06
-2.706570661854759324e+06,4.689170403717217036e+06,3.360889881164505146e+06
-2.706569703854883090e+06,4.689171361717266031e+06,3.360890839162168093e+06
-2.706568744855005760e+06,4.689172320717314258e+06,3.360891798159826081e+06
-2.706567784855127335e+06,4.689173280717360787e+06,3.360892758157479111e+06
-2.706566823855248280e+06,4.689174241717406549e+06,3.360893719155127183e+06
-2.706565861855368130e+06,4.689175203717450611e+06,3.360894681152771693e+06
-2.706564898855486885e+06,4.689176166717492975e+06,3.360895644150411244e+06
-2.706563934855605476e+06,4.689177130717534572e+06,3.360896608148045838e+06
-2.706562969855723437e+06,4.689178095717575401e+06,3.360897573145675007e+06
-2.706562003855840769e+06,4.689179061717615463e+06,3.360898539143299684e+06
-2.706561036855957005e+06,4.689180028717654757e+06,3.360899506140920799e+06
-2.706560068856072146e+06,4.689180996717693284e+06,3.360900474138537887e+06
-2.706559099856187124e+06,4.689181965717730112e+06,3.360901443136150949e+06
-2.706558129856300540e+06,4.689182935717766173e+06,3.360902413133759517e+06
-2.706557158856413327e+06,4.689183906717799604e+06,3.360903384131364524e+06
-2.706556186856525019e+06,4.689184878717832267e+06,3.360904356128965039e+06
-2.706555213856634684e+06,4.689185851717864163e+06,3.360905329126561526e+06
-2.706554239856743719e+06,4.689186825717895292e+06,3.360906303124152124e+06
-2.706553264856851194e+06,4.689187800717925653e+06,3.360907278121739160e+06
-2.706552288856957573e+06,4.689188776717954315e+06,3.360908254119320773e+06
-2.706551311857062392e+06,4.689189753717981279e+06,3.360909231116897892e+06
-2.706550333857166115e+06,4.689190731718006544e+06,3.360910209114470985e+06
-2.706549354857268278e+06,4.689191710718031041e+06,3.360911188112039585e+06
-2.706548374857368879e+06,4.689192690718053840e+06,3.360912168109604623e+06
-2.706547393857467920e+06,4.689193671718076803e+06,3.360913149107164703e+06
-2.706546411857565399e+06,4.689194653718098998e+06,3.360914131104720291e+06
-2.706545428857661784e+06,4.689195636718119495e+06,3.360915114102271385e+06
-2.706544444857757073e+06,4.689196620718138292e+06,3.360916098099817988e+06
-2.706543459857851267e+06,4.689197605718155392e+06,3.360917083097360097e+06
-2.706542473857943434e+06,4.689198591718171723e+06,3.360918069094898179e+06
-2.706541486858034041e+06,4.689199578718187287e+06,3.360919056092430837e+06
-2.706540498858123552e+06,4.689200566718201153e+06,3.360920044089958537e+06
-2.706539509858211968e+06,4.689201555718213320e+06,3.360921033087481745e+06
