ref_pos_x,ref_pos_y,ref_pos_z
-2.707029109755523037e+06,4.688711955664515495e+06,3.360431434122325853e+06
-2.707029109755523037e+06,4.688711955664515495e+06,3.360431434122325853e+06
-2.707029109655523207e+06,4.688711955764515325e+06,3.360431434222325683e+06
-2.707029109365522861e+06,4.688711956054515205e+06,3.360431434512326028e+06
-2.707029108804523014e+06,4.688711956615515053e+06,3.360431435073325876e+06
-2.707029107899622992e+06,4.688711957520415075e+06,3.360431435978225898e+06
-2.707029106585212983e+06,4.688711958834825084e+06,3.360431437292635906e+06
-2.707029104802243877e+06,4.688711960617794655e+06,3.360431439075605012e+06
-2.707029102497572079e+06,4.688711962922466919e+06,3.360431441380276810e+06
-2.707029099623367190e+06,4.688711965796671808e+06,3.360431444254481699e+06
-2.707029096136582550e+06,4.688711969283455983e+06,3.360431447741266340e+06
-2.707029091998476535e+06,4.688711973421561532e+06,3.360431451879372355e+06
-2.707029087174181361e+06,4.688711978245857172e+06,3.360431456703667529e+06
-2.707029081632315647e+06,4.688711983787722886e+06,3.360431462245533243e+06
-2.707029075344636105e+06,4.688711990075401962e+06,3.360431468533212785e+06
-2.707029068285725079e+06,4.688711997134313919e+06,3.360431475592123810e+06
-2.707029060432704631e+06,4.688712004987333901e+06,3.360431483445144258e+06
-2.707029051764986478e+06,4.688712013655051589e+06,3.360431492112862412e+06
-2.707029042264040094e+06,4.688712023155998439e+06,3.360431501613808796e+06
-2.707029031913188286e+06,4.688712033506849781e+06,3.360431511964660604e+06
-2.707029020697421860e+06,4.688712044722616673e+06,3.360431523180427030e+06
-2.707029008603231981e+06,4.688712056816806085e+06,3.360431535274616908e+06
-2.707028995618461166e+06,4.688712069801577367e+06,3.360431548259387724e+06
-2.707028981732167304e+06,4.688712083687870763e+06,3.360431562145681586e+06
-2.707028966934503056e+06,4.688712098485535942e+06,3.360431576943345834e+06
-2.707028951216605026e+06,4.688712114203433506e+06,3.360431592661243863e+06
-2.707028934570496902e+06,4.688712130849542096e+06,3.360431609307351988e+06
-2.707028916988999583e+06,4.688712148431039415e+06,3.360431626888849307e+06
-2.707028898465651553e+06,4.688712166954386979e+06,3.360431645412197337e+06
-2.707028878994639032e+06,4.688712186425399967e+06,3.360431664883209858e+06
-2.707028858570727054e+06,4.688712206849311478e+06,3.360431685307121836e+06
-2.707028837189206854e+06,4.688712228230831213e+06,3.360431706688642036e+06
-2.707028814845838584e+06,4.688712250574200414e+06,3.360431729032010306e+06
-2.707028791536807083e+06,4.688712273883231916e+06,3.360431752341041807e+06
-2.707028767258678563e+06,4.688712298161360435e+06,3.360431776619170327e+06
-2.707028742008362897e+06,4.688712323411675170e+06,3.360431801869485993e+06
-2.707028715783079155e+06,4.688712349636959843e+06,3.360431828094769735e+06
-2.707028688580323476e+06,4.688712376839715056e+06,3.360431855297525413e+06
-2.707028660397843458e+06,4.688712405022195540e+06,3.360431883480005432e+06
-2.707028631233611144e+06,4.688712434186426923e+06,3.360431912644237746e+06
-2.707028601085802540e+06,4.688712464334236458e+06,3.360431942792046349e+06
-2.707028569952774327e+06,4.688712495467264205e+06,3.360431973925074562e+06
-2.707028537833049428e+06,4.688712527586989105e+06,3.360432006044799462e+06
-2.707028504725296982e+06,4.688712560694742016e+06,3.360432039152551908e+06
-2.707028470628319308e+06,4.688712594791718759e+06,3.360432073249529582e+06
-2.707028435541039798e+06,4.688712629878998734e+06,3.360432108336809091e+06
-2.707028399462488014e+06,4.688712665957550518e+06,3.360432144415360875e+06
-2.707028362391791772e+06,4.688712703028246760e+06,3.360432181486057118e+06
-2.707028324328164570e+06,4.688712741091873497e+06,3.360432219549684320e+06
-2.707028285270900466e+06,4.688712780149137601e+06,3.360432258606948424e+06
-2.707028245219362900e+06,4.688712820200676098e+06,3.360432298658485990e+06
-2.707028204172978643e+06,4.688712861247059889e+06,3.360432339704870246e+06
-2.707028162131233141e+06,4.688712903288804926e+06,3.360432381746615749e+06
-2.707028119093662128e+06,4.688712946326375939e+06,3.360432424784186762e+06
-2.707028075059848372e+06,4.688712990360190161e+06,3.360432468818000518e+06
-2.707028030029415619e+06,4.688713035390622914e+06,3.360432513848433271e+06
-2.707027984002026729e+06,4.688713081418012269e+06,3.360432559875822160e+06
-2.707027936977376230e+06,4.688713128442662768e+06,3.360432606900472660e+06
-2.707027888955190778e+06,4.688713176464847289e+06,3.360432654922658112e+06
-2.707027839935224038e+06,4.688713225484814495e+06,3.360432703942624852e+06
-2.707027789917253889e+06,4.688713275502784178e+06,3.360432753960595001e+06
-2.707027738901081029e+06,4.688713326518957503e+06,3.360432804976767860e+06
-2.707027686886525247e+06,4.688713378533513285e+06,3.360432856991323642e+06
-2.707027633873424958e+06,4.688713431546613574e+06,3.360432910004423931e+06
-2.707027579861634877e+06,4.688713485558403656e+06,3.360432964016214013e+06
-2.707027524851023685e+06,4.688713540569014847e+06,3.360433019026825204e+06
-2.707027468841473572e+06,4.688713596578565426e+06,3.360433075036375318e+06
-2.707027411832878366e+06,4.688713653587159701e+06,3.360433132044970524e+06
-2.707027353825143073e+06,4.688713711594895460e+06,3.360433190052705817e+06
-2.707027294818181079e+06,4.688713770601857454e+06,3.360433249059667811e+06
-2.707027234811915085e+06,4.688713830608122982e+06,3.360433309065933805e+06
-2.707027173806275707e+06,4.688713891613762826e+06,3.360433370071573183e+06
-2.707027111801200546e+06,4.688713953618837520e+06,3.360433432076648343e+06
-2.707027048796632793e+06,4.688714016623405740e+06,3.360433495081216097e+06
-2.707026984792521689e+06,4.688714080627516843e+06,3.360433559085327201e+06
-2.707026919788822066e+06,4.688714145631216466e+06,3.360433624089026824e+06
-2.707026853785492014e+06,4.688714211634546518e+06,3.360433690092356876e+06
-2.707026786782495212e+06,4.688714278637543321e+06,3.360433757095353678e+06
-2.707026718779798131e+06,4.688714346640240401e+06,3.360433825098050758e+06
-2.707026649777370505e+06,4.688714415642668493e+06,3.360433894100478385e+06
-2.707026579775185790e+06,4.688714485644852743e+06,3.360433964102663100e+06
-2.707026508773219306e+06,4.688714556646819226e+06,3.360434035104629584e+06
-2.707026436771449633e+06,4.688714628648588434e+06,3.360434107106399257e+06
-2.707026363769857213e+06,4.688714701650181785e+06,3.360434180107991677e+06
-2.707026289768423885e+06,4.688714775651615113e+06,3.360434254109425005e+06
-2.707026214767133817e+06,4.688714850652905181e+06,3.360434329110715073e+06
-2.707026138765972573e+06,4.688714926654065959e+06,3.360434405111876316e+06
-2.707026061764927581e+06,4.688715003655110486e+06,3.360434482112921309e+06
-2.707025983763987198e+06,4.688715081656051800e+06,3.360434560113861691e+06
-2.707025904763140716e+06,4.688715160656897351e+06,3.360434639114708174e+06
-2.707025824762378819e+06,4.688715240657659248e+06,3.360434719115470070e+06
-2.707025743761693593e+06,4.688715321658344939e+06,3.360434800116155297e+06
-2.707025661761076190e+06,4.688715403658961877e+06,3.360434882116772700e+06
-2.707025578760521021e+06,4.688715486659517512e+06,3.360434965117327869e+06
-2.707025494760021102e+06,4.688715570660017431e+06,3.360435049117827788e+06
-2.707025409759571310e+06,4.688715655660467222e+06,3.360435134118277580e+06
-2.707025323759166524e+06,4.688715741660871543e+06,3.360435220118682366e+06
-2.707025236758802086e+06,4.688715828661235981e+06,3.360435307119046804e+06
-2.707025148758474272e+06,4.688715916661564261e+06,3.360435395119374618e+06
-2.707025059758179355e+06,4.688716005661859177e+06,3.360435484119669534e+06
-2.707024969757913612e+06,4.688716095662125386e+06,3.360435574119935278e+06
-2.707024878757674713e+06,4.688716186662363820e+06,3.360435665120174177e+06
-2.707024786757459398e+06,4.688716278662579134e+06,3.360435757120389491e+06
-2.707024693757265806e+06,4.688716371662773192e+06,3.360435850120583083e+06
-2.707024599757091608e+06,4.688716465662946925e+06,3.360435944120757282e+06
-2.707024504756934475e+06,4.688716560663104057e+06,3.360436039120914415e+06
-2.707024408756793477e+06,4.688716656663245521e+06,3.360436135121055413e+06
-2.707024311756666284e+06,4.688716753663372248e+06,3.360436232121182606e+06
-2.707024213756551966e+06,4.688716851663486101e+06,3.360436330121296924e+06
-2.707024114756449126e+06,4.688716950663588941e+06,3.360436429121399764e+06
-2.707024014756356366e+06,4.688717050663681701e+06,3.360436529121492524e+06
-2.707023913756273221e+06,4.688717151663765311e+06,3.360436630121575668e+06
-2.707023811756198294e+06,4.688717253663840704e+06,3.360436732121650595e+06
-2.707023708756130654e+06,4.688717356663907878e+06,3.360436835121718235e+06
-2.707023604756069835e+06,4.688717460663968697e+06,3.360436939121779054e+06
-2.707023499756015372e+06,4.688717565664023161e+06,3.360437044121833518e+06
-2.707023393755965866e+06,4.688717671664072201e+06,3.360437150121883024e+06
-2.707023286755921785e+06,4.688717778664116748e+06,3.360437257121927105e+06
-2.707023178755881730e+06,4.688717886664156802e+06,3.360437365121967159e+06
-2.707023069755846169e+06,4.688717995664192364e+06,3.360437474122002721e+06
-2.707022959755813703e+06,4.688718105664225295e+06,3.360437584122035187e+06
-2.707022848755784798e+06,4.688718216664253734e+06,3.360437695122064091e+06
-2.707022736755758524e+06,4.688718328664280474e+06,3.360437807122090366e+06
-2.707022623755734880e+06,4.688718441664303653e+06,3.360437920122114010e+06
-2.707022509755713865e+06,4.688718555664325133e+06,3.360438034122135025e+06
-2.707022394755694550e+06,4.688718670664343983e+06,3.360438149122154340e+06
-2.707022278755677398e+06,4.688718786664361134e+06,3.360438265122171491e+06
-2.707022161755661946e+06,4.688718903664376587e+06,3.360438382122186944e+06
-2.707022043755648192e+06,4.688719021664390340e+06,3.360438500122200698e+06
-2.707021924755635671e+06,4.688719140664403327e+06,3.360438619122213218e+06
-2.707021804755624384e+06,4.688719260664414614e+06,3.360438739122224506e+06
-2.707021683755614329e+06,4.688719381664424203e+06,3.360438860122234561e+06
-2.707021561755605042e+06,4.688719503664433025e+06,3.360438982122243848e+06
-2.707021438755596988e+06,4.688719626664442010e+06,3.360439105122251902e+06
-2.707021314755589701e+06,4.688719750664449297e+06,3.360439229122259188e+06
-2.707021189755582716e+06,4.688719875664455816e+06,3.360439354122266173e+06
-2.707021063755576964e+06,4.688720001664461568e+06,3.360439480122271925e+06
-2.707020936755571514e+06,4.688720128664467484e+06,3.360439607122277375e+06
-2.707020808755566832e+06,4.688720256664471701e+06,3.360439735122282058e+06
-2.707020679755562451e+06,4.688720385664476082e+06,3.360439864122286439e+06
-2.707020549755558372e+06,4.688720515664480627e+06,3.360439994122290518e+06
-2.707020418755555060e+06,4.688720646664483473e+06,3.360440125122293830e+06
-2.707020286755551584e+06,4.688720778664486483e+06,3.360440257122297306e+06
-2.707020153755548876e+06,4.688720911664489657e+06,3.360440390122300014e+06
-2.707020019755546004e+06,4.688721045664492063e+06,3.360440524122302886e+06
-2.707019884755543899e+06,4.688721180664494634e+06,3.360440659122304991e+06
-2.707019748755541630e+06,4.688721316664496437e+06,3.360440795122307260e+06
-2.707019611755540129e+06,4.688721453664498404e+06,3.360440932122308761e+06
-2.707019473755538464e+06,4.688721591664500535e+06,3.360441070122310426e+06
-2.707019334755536634e+06,4.688721730664501898e+06,3.360441209122312255e+06
-2.707019194755535573e+06,4.688721870664503425e+06,3.360441349122313317e+06
-2.707019053755534347e+06,4.688722011664504185e+06,3.360441490122314543e+06
-2.707018911755532958e+06,4.688722153664505109e+06,3.360441632122315932e+06
-2.707018768755531870e+06,4.688722296664506197e+06,3.360441775122317020e+06
-2.707018624755531084e+06,4.688722440664507449e+06,3.360441919122317806e+06
-2.707018479755530134e+06,4.688722585664507933e+06,3.360442064122318756e+06
-2.707018333755529486e+06,4.688722731664508581e+06,3.360442210122319404e+06
-2.707018186755529139e+06,4.688722878664509393e+06,3.360442357122319750e+06
-2.707018038755528163e+06,4.688723026664510369e+06,3.360442505122320727e+06
-2.707017889755527955e+06,4.688723175664510578e+06,3.360442654122320935e+06
-2.707017739755527116e+06,4.688723325664510950e+06,3.360442804122321773e+06
-2.707017588755527046e+06,4.688723476664511487e+06,3.360442955122321844e+06
-2.707017436755526345e+06,4.688723628664512187e+06,3.360443107122322544e+06
-2.707017283755525947e+06,4.688723781664512120e+06,3.360443260122322943e+06
-2.707017129755525850e+06,4.688723935664512217e+06,3.360443414122323040e+06
-2.707016974755525589e+06,4.688724090664513409e+06,3.360443569122323301e+06
-2.707016818755525164e+06,4.688724246664512902e+06,3.360443725122323725e+06
-2.707016661755525041e+06,4.688724403664513491e+06,3.360443882122323848e+06
-2.707016503755524755e+06,4.688724561664513312e+06,3.360444040122324135e+06
-2.707016344755524769e+06,4.688724720664514229e+06,3.360444199122324120e+06
-2.707016184755524620e+06,4.688724880664514378e+06,3.360444359122324269e+06
-2.707016023755524307e+06,4.688725041664513759e+06,3.360444520122324582e+06
-2.707015861755524296e+06,4.688725203664514236e+06,3.360444682122324593e+06
-2.707015698755524121e+06,4.688725366664513946e+06,3.360444845122324768e+06
-2.707015534755524248e+06,4.688725530664514750e+06,3.360445009122324642e+06
-2.707015369755523745e+06,4.688725695664514787e+06,3.360445174122325145e+06
-2.707015203755524009e+06,4.688725861664514989e+06,3.360445340122324880e+06
-2.707015036755523644e+06,4.688726028664514422e+06,3.360445507122325245e+06
-2.707014868755523581e+06,4.688726196664514951e+06,3.360445675122325309e+06
-2.707014699755523819e+06,4.688726365664514713e+06,3.360445844122325070e+06
-2.707014529755523428e+06,4.688726535664514638e+06,3.360446014122325461e+06
-2.707014358755523339e+06,4.688726706664514728e+06,3.360446185122325551e+06
-2.707014186755523551e+06,4.688726878664514981e+06,3.360446357122325338e+06
-2.707014013755523600e+06,4.688727051664515398e+06,3.360446530122325290e+06
-2.707013839755523484e+06,4.688727225664515048e+06,3.360446704122325405e+06
-2.707013664755523205e+06,4.688727400664514862e+06,3.360446879122325685e+06
-2.707013488755523227e+06,4.688727576664514840e+06,3.360447055122325663e+06
-2.707013311755523086e+06,4.688727753664514981e+06,3.360447232122325804e+06
-2.707013133755523246e+06,4.688727931664515287e+06,3.360447410122325644e+06
-2.707012954755523242e+06,4.688728110664515756e+06,3.360447589122325648e+06
-2.707012774755523074e+06,4.688728290664515458e+06,3.360447769122325815e+06
-2.707012593755523209e+06,4.688728471664515324e+06,3.360447950122325681e+06
-2.707012411755523179e+06,4.688728653664515354e+06,3.360448132122325711e+06
-2.707012228755522985e+06,4.688728836664515547e+06,3.360448315122325905e+06
-2.707012044755523093e+06,4.688729020664514974e+06,3.360448499122325797e+06
-2.707011859755523037e+06,4.688729205664515495e+06,3.360448684122325853e+06
-2.707011673755523283e+06,4.688729391664515249e+06,3.360448870122325607e+06
-2.707011486755522899e+06,4.688729578664515167e+06,3.360449057122325990e+06
-2.707011298755523283e+06,4.688729766664515249e+06,3.360449245122325607e+06
-2.707011109755523037e+06,4.688729955664515495e+06,3.360449434122325853e+06
-2.707010919755523093e+06,4.688730145664514974e+06,3.360449624122325797e+06
-2.707010728755522985e+06,4.688730336664515547e+06,3.360449815122325905e+06
-2.707010536755523179e+06,4.688730528664515354e+06,3.360450007122325711e+06
-2.707010343755523209e+06,4.688730721664515324e+06,3.360450200122325681e+06
-2.707010149755523074e+06,4.688730915664515458e+06,3.360450394122325815e+06
-2.707009954755523242e+06,4.688731110664515756e+06,3.360450589122325648e+06
-2.707009758755523246e+06,4.688731306664515287e+06,3.360450785122325644e+06
-2.707009561755523086e+06,4.688731503664515913e+06,3.360450982122325804e+06
-2.707009363755523227e+06,4.688731701664515771e+06,3.360451180122325663e+06
-2.707009164755523205e+06,4.688731900664515793e+06,3.360451379122325685e+06
-2.707008964755523019e+06,4.688732100664515048e+06,3.360451579122325871e+06
-2.707008763755523134e+06,4.688732301664515398e+06,3.360451780122325756e+06
-2.707008561755523086e+06,4.688732503664515913e+06,3.360451982122325804e+06
-2.707008358755522873e+06,4.688732706664515659e+06,3.360452185122326016e+06
-2.707008154755522963e+06,4.688732910664515570e+06,3.360452389122325927e+06
-2.707007949755522888e+06,4.688733115664515644e+06,3.360452594122326002e+06
-2.707007743755523115e+06,4.688733321664515883e+06,3.360452800122325774e+06
-2.707007536755523179e+06,4.688733528664515354e+06,3.360453007122325711e+06
-2.707007328755523078e+06,4.688733736664515920e+06,3.360453215122325812e+06
-2.707007119755522814e+06,4.688733945664515719e+06,3.360453424122326076e+06
-2.707006909755522851e+06,4.688734155664515682e+06,3.360453634122326039e+06
-2.707006698755523190e+06,4.688734366664515808e+06,3.360453845122325700e+06
-2.707006486755522899e+06,4.688734578664515167e+06,3.360454057122325990e+06
-2.707006273755522911e+06,4.688734791664515622e+06,3.360454270122325979e+06
-2.707006059755523223e+06,4.688735005664515309e+06,3.360454484122325666e+06
-2.707005844755522907e+06,4.688735220664515160e+06,3.360454699122325983e+06
-2.707005628755522892e+06,4.688735436664515175e+06,3.360454915122325998e+06
-2.707005411755523179e+06,4.688735653664515354e+06,3.360455132122325711e+06
-2.707005193755522836e+06,4.688735871664515696e+06,3.360455350122326054e+06
-2.707004974755523261e+06,4.688736090664515272e+06,3.360455569122325629e+06
-2.707004754755523056e+06,4.688736310664515942e+06,3.360455789122325834e+06
-2.707004533755523153e+06,4.688736531664515845e+06,3.360456010122325737e+06
-2.707004311755523086e+06,4.688736753664515913e+06,3.360456232122325804e+06
-2.707004088755522855e+06,4.688736976664515212e+06,3.360456455122326035e+06
-2.707003864755522925e+06,4.688737200664515607e+06,3.360456679122325964e+06
-2.707003639755522832e+06,4.688737425664515235e+06,3.360456904122326057e+06
-2.707003413755523041e+06,4.688737651664515957e+06,3.360457130122325849e+06
-2.707003186755523086e+06,4.688737878664515913e+06,3.360457357122325804e+06
-2.707002958755522966e+06,4.688738106664515100e+06,3.360457585122325923e+06
-2.707002729755523149e+06,4.688738335664515384e+06,3.360457814122325741e+06
-2.707002499755523168e+06,4.688738565664515831e+06,3.360458044122325722e+06
-2.707002268755523022e+06,4.688738796664515510e+06,3.360458275122325867e+06
-2.707002036755523179e+06,4.688739028664515354e+06,3.360458507122325711e+06
-2.707001803755523171e+06,4.688739261664515361e+06,3.360458740122325718e+06
-2.707001569755523000e+06,4.688739495664515533e+06,3.360458974122325890e+06
-2.707001334755523130e+06,4.688739730664515868e+06,3.360459209122325759e+06
-2.707001098755523097e+06,4.688739966664515436e+06,3.360459445122325793e+06
-2.707000861755522899e+06,4.688740203664515167e+06,3.360459682122325990e+06
-2.707000623755523004e+06,4.688740441664515063e+06,3.360459920122325886e+06
-2.707000384755522944e+06,4.688740680664515123e+06,3.360460159122325946e+06
-2.707000144755523186e+06,4.688740920664515346e+06,3.360460399122325704e+06
-2.706999903755523264e+06,4.688741161664515734e+06,3.360460640122325625e+06
-2.706999661755523179e+06,4.688741403664515354e+06,3.360460882122325711e+06
-2.706999418755522929e+06,4.688741646664515138e+06,3.360461125122325961e+06
-2.706999174755522981e+06,4.688741890664515086e+06,3.360461369122325908e+06
-2.706998929755522870e+06,4.688742135664515197e+06,3.360461614122326020e+06
-2.706998683755523060e+06,4.688742381664515473e+06,3.360461860122325830e+06
-2.706998436755523086e+06,4.688742628664515913e+06,3.360462107122325804e+06
-2.706998188755522948e+06,4.688742876664515585e+06,3.360462355122325942e+06
-2.706997939755523112e+06,4.688743125664515421e+06,3.360462604122325778e+06
-2.706997689755523112e+06,4.688743375664515421e+06,3.360462854122325778e+06
-2.706997438755522948e+06,4.688743626664515585e+06,3.360463105122325942e+06
-2.706997186755523086e+06,4.688743878664515913e+06,3.360463357122325804e+06
-2.706996933755523060e+06,4.688744131664515473e+06,3.360463610122325830e+06
-2.706996679755522870e+06,4.688744385664515197e+06,3.360463864122326020e+06
-2.706996424755522981e+06,4.688744640664515086e+06,3.360464119122325908e+06
-2.706996168755522929e+06,4.688744896664515138e+06,3.360464375122325961e+06
-2.706995911755523179e+06,4.688745153664515354e+06,3.360464632122325711e+06
-2.706995653755523264e+06,4.688745411664515734e+06,3.360464890122325625e+06
-2.706995394755523186e+06,4.688745670664515346e+06,3.360465149122325704e+06
-2.706995134755522944e+06,4.688745930664515123e+06,3.360465409122325946e+06
-2.706994873755523004e+06,4.688746191664515063e+06,3.360465670122325886e+06
-2.706994611755522899e+06,4.688746453664515167e+06,3.360465932122325990e+06
-2.706994348755523097e+06,4.688746716664515436e+06,3.360466195122325793e+06
-2.706994084755523130e+06,4.688746980664515868e+06,3.360466459122325759e+06
-2.706993819755523000e+06,4.688747245664515533e+06,3.360466724122325890e+06
-2.706993553755523171e+06,4.688747511664515361e+06,3.360466990122325718e+06
-2.706993286755523179e+06,4.688747778664515354e+06,3.360467257122325711e+06
-2.706993018755523022e+06,4.688748046664515510e+06,3.360467525122325867e+06
-2.706992749755523168e+06,4.688748315664515831e+06,3.360467794122325722e+06
-2.706992479755523149e+06,4.688748585664515384e+06,3.360468064122325741e+06
-2.706992208755522966e+06,4.688748856664515100e+06,3.360468335122325923e+06
-2.706991936755523086e+06,4.688749128664515913e+06,3.360468607122325804e+06
-2.706991663755523041e+06,4.688749401664515957e+06,3.360468880122325849e+06
-2.706991389755522832e+06,4.688749675664515235e+06,3.360469154122326057e+06
-2.706991114755522925e+06,4.688749950664515607e+06,3.360469429122325964e+06
-2.706990838755522855e+06,4.688750226664515212e+06,3.360469705122326035e+06
-2.706990561755523086e+06,4.688750503664515913e+06,3.360469982122325804e+06
-2.706990283755523153e+06,4.688750781664515845e+06,3.360470260122325737e+06
-2.706990004755523056e+06,4.688751060664515942e+06,3.360470539122325834e+06
-2.706989724755523261e+06,4.688751340664515272e+06,3.360470819122325629e+06
-2.706989443755522836e+06,4.688751621664515696e+06,3.360471100122326054e+06
-2.706989161755523179e+06,4.688751903664515354e+06,3.360471382122325711e+06
-2.706988878755522892e+06,4.688752186664515175e+06,3.360471665122325998e+06
-2.706988594755522907e+06,4.688752470664515160e+06,3.360471949122325983e+06
-2.706988309755523223e+06,4.688752755664515309e+06,3.360472234122325666e+06
-2.706988023755522911e+06,4.688753041664515622e+06,3.360472520122325979e+06
-2.706987736755522899e+06,4.688753328664515167e+06,3.360472807122325990e+06
-2.706987448755523190e+06,4.688753616664515808e+06,3.360473095122325700e+06
-2.706987159755522851e+06,4.688753905664515682e+06,3.360473384122326039e+06
-2.706986869755522814e+06,4.688754195664515719e+06,3.360473674122326076e+06
-2.706986578755523078e+06,4.688754486664515920e+06,3.360473965122325812e+06
-2.706986286755523179e+06,4.688754778664515354e+06,3.360474257122325711e+06
-2.706985993755523115e+06,4.688755071664515883e+06,3.360474550122325774e+06
-2.706985699755522888e+06,4.688755365664515644e+06,3.360474844122326002e+06
-2.706985404755522963e+06,4.688755660664515570e+06,3.360475139122325927e+06
-2.706985108755522873e+06,4.688755956664515659e+06,3.360475435122326016e+06
-2.706984811755523086e+06,4.688756253664515913e+06,3.360475732122325804e+06
-2.706984513755523134e+06,4.688756551664515398e+06,3.360476030122325756e+06
-2.706984214755523019e+06,4.688756850664515048e+06,3.360476329122325871e+06
-2.706983914755523205e+06,4.688757150664515793e+06,3.360476629122325685e+06
-2.706983613755523227e+06,4.688757451664515771e+06,3.360476930122325663e+06
-2.706983311755523086e+06,4.688757753664515913e+06,3.360477232122325804e+06
-2.706983008755523246e+06,4.688758056664515287e+06,3.360477535122325644e+06
-2.706982704755523242e+06,4.688758360664515756e+06,3.360477839122325648e+06
-2.706982399755523074e+06,4.688758665664515458e+06,3.360478144122325815e+06
-2.706982093755523209e+06,4.688758971664515324e+06,3.360478450122325681e+06
-2.706981786755523179e+06,4.688759278664515354e+06,3.360478757122325711e+06
-2.706981478755522985e+06,4.688759586664515547e+06,3.360479065122325905e+06
-2.706981169755523093e+06,4.688759895664515905e+06,3.360479374122325797e+06
-2.706980859755523037e+06,4.688760205664515495e+06,3.360479684122325853e+06
-2.706980548755522817e+06,4.688760516664515249e+06,3.360479995122326072e+06
-2.706980236755522899e+06,4.688760828664515167e+06,3.360480307122325990e+06
-2.706979923755522817e+06,4.688761141664515249e+06,3.360480620122326072e+06
-2.706979609755523037e+06,4.688761455664515495e+06,3.360480934122325853e+06
-2.706979294755523093e+06,4.688761770664515905e+06,3.360481249122325797e+06
-2.706978978755522985e+06,4.688762086664515547e+06,3.360481565122325905e+06
-2.706978661755523179e+06,4.688762403664515354e+06,3.360481882122325711e+06
-2.706978343755523209e+06,4.688762721664515324e+06,3.360482200122325681e+06
-2.706978024755523074e+06,4.688763040664515458e+06,3.360482519122325815e+06
-2.706977704755523242e+06,4.688763360664515756e+06,3.360482839122325648e+06
-2.706977383755523246e+06,4.688763681664515287e+06,3.360483160122325644e+06
-2.706977061755523086e+06,4.688764003664515913e+06,3.360483482122325804e+06
-2.706976738755523227e+06,4.688764326664515771e+06,3.360483805122325663e+06
-2.706976414755523205e+06,4.688764650664515793e+06,3.360484129122325685e+06
-2.706976089755523019e+06,4.688764975664515048e+06,3.360484454122325871e+06
-2.706975763755523134e+06,4.688765301664515398e+06,3.360484780122325756e+06
-2.706975436755523086e+06,4.688765628664515913e+06,3.360485107122325804e+06
-2.706975108755522873e+06,4.688765956664515659e+06,3.360485435122326016e+06
-2.706974779755522963e+06,4.688766285664515570e+06,3.360485764122325927e+06
-2.706974449755522888e+06,4.688766615664515644e+06,3.360486094122326002e+06
-2.706974118755523115e+06,4.688766946664515883e+06,3.360486425122325774e+06
-2.706973786755523179e+06,4.688767278664515354e+06,3.360486757122325711e+06
-2.706973453755523078e+06,4.688767611664515920e+06,3.360487090122325812e+06
-2.706973119755522814e+06,4.688767945664515719e+06,3.360487424122326076e+06
-2.706972784755522851e+06,4.688768280664515682e+06,3.360487759122326039e+06
-2.706972448755523190e+06,4.688768616664515808e+06,3.360488095122325700e+06
-2.706972111755522899e+06,4.688768953664515167e+06,3.360488432122325990e+06
-2.706971773755522911e+06,4.688769291664515622e+06,3.360488770122325979e+06
-2.706971434755523223e+06,4.688769630664515309e+06,3.360489109122325666e+06
-2.706971094755522907e+06,4.688769970664515160e+06,3.360489449122325983e+06
-2.706970753755522892e+06,4.688770311664515175e+06,3.360489790122325998e+06
-2.706970411755523179e+06,4.688770653664515354e+06,3.360490132122325711e+06
-2.706970068755522836e+06,4.688770996664515696e+06,3.360490475122326054e+06
-2.706969724755523261e+06,4.688771340664515272e+06,3.360490819122325629e+06
-2.706969379755523056e+06,4.688771685664515942e+06,3.360491164122325834e+06
-2.706969033755523153e+06,4.688772031664515845e+06,3.360491510122325737e+06
-2.706968686755523086e+06,4.688772378664515913e+06,3.360491857122325804e+06
-2.706968338755522855e+06,4.688772726664515212e+06,3.360492205122326035e+06
-2.706967989755522925e+06,4.688773075664515607e+06,3.360492554122325964e+06
-2.706967639755522832e+06,4.688773425664515235e+06,3.360492904122326057e+06
-2.706967288755523041e+06,4.688773776664515957e+06,3.360493255122325849e+06
-2.706966936755523086e+06,4.688774128664515913e+06,3.360493607122325804e+06
-2.706966583755522966e+06,4.688774481664515100e+06,3.360493960122325923e+06
-2.706966229755523149e+06,4.688774835664515384e+06,3.360494314122325741e+06
-2.706965874755523168e+06,4.688775190664515831e+06,3.360494669122325722e+06
-2.706965518755523022e+06,4.688775546664515510e+06,3.360495025122325867e+06
-2.706965161755523179e+06,4.688775903664515354e+06,3.360495382122325711e+06
-2.706964803755523171e+06,4.688776261664515361e+06,3.360495740122325718e+06
-2.706964444755523000e+06,4.688776620664515533e+06,3.360496099122325890e+06
-2.706964084755523130e+06,4.688776980664515868e+06,3.360496459122325759e+06
-2.706963723755523097e+06,4.688777341664515436e+06,3.360496820122325793e+06
-2.706963361755522899e+06,4.688777703664515167e+06,3.360497182122325990e+06
-2.706962998755523004e+06,4.688778066664515063e+06,3.360497545122325886e+06
-2.706962634755522944e+06,4.688778430664515123e+06,3.360497909122325946e+06
-2.706962269755523186e+06,4.688778795664515346e+06,3.360498274122325704e+06
-2.706961903755523264e+06,4.688779161664515734e+06,3.360498640122325625e+06
-2.706961536755523179e+06,4.688779528664515354e+06,3.360499007122325711e+06
-2.706961168755522929e+06,4.688779896664515138e+06,3.360499375122325961e+06
-2.706960799755522981e+06,4.688780265664515086e+06,3.360499744122325908e+06
-2.706960429755522870e+06,4.688780635664515197e+06,3.360500114122326020e+06
-2.706960058755523060e+06,4.688781006664515473e+06,3.360500485122325830e+06
-2.706959686755523086e+06,4.688781378664515913e+06,3.360500857122325804e+06
-2.706959313755522948e+06,4.688781751664515585e+06,3.360501230122325942e+06
-2.706958939755523112e+06,4.688782125664515421e+06,3.360501604122325778e+06
-2.706958564755523112e+06,4.688782500664515421e+06,3.360501979122325778e+06
-2.706958188755522948e+06,4.688782876664515585e+06,3.360502355122325942e+06
-2.706957811755523086e+06,4.688783253664515913e+06,3.360502732122325804e+06
-2.706957433755523060e+06,4.688783631664515473e+06,3.360503110122325830e+06
-2.706957054755522870e+06,4.688784010664515197e+06,3.360503489122326020e+06
-2.706956674755522981e+06,4.688784390664515086e+06,3.360503869122325908e+06
-2.706956293755522929e+06,4.688784771664515138e+06,3.360504250122325961e+06
-2.706955911755523179e+06,4.688785153664515354e+06,3.360504632122325711e+06
-2.706955528755523264e+06,4.688785536664515734e+06,3.360505015122325625e+06
-2.706955144755523186e+06,4.688785920664515346e+06,3.360505399122325704e+06
-2.706954759755522944e+06,4.688786305664515123e+06,3.360505784122325946e+06
-2.706954373755523004e+06,4.688786691664515063e+06,3.360506170122325886e+06
-2.706953986755522899e+06,4.688787078664515167e+06,3.360506557122325990e+06
-2.706953598755523097e+06,4.688787466664515436e+06,3.360506945122325793e+06
-2.706953209755523130e+06,4.688787855664515868e+06,3.360507334122325759e+06
-2.706952819755523000e+06,4.688788245664515533e+06,3.360507724122325890e+06
-2.706952428755523171e+06,4.688788636664515361e+06,3.360508115122325718e+06
-2.706952036755523179e+06,4.688789028664515354e+06,3.360508507122325711e+06
-2.706951643755523022e+06,4.688789421664515510e+06,3.360508900122325867e+06
-2.706951249755523168e+06,4.688789815664515831e+06,3.360509294122325722e+06
-2.706950854755523149e+06,4.688790210664515384e+06,3.360509689122325741e+06
-2.706950458755522966e+06,4.688790606664515100e+06,3.360510085122325923e+06
-2.706950061755523086e+06,4.688791003664515913e+06,3.360510482122325804e+06
-2.706949663755523041e+06,4.688791401664515957e+06,3.360510880122325849e+06
-2.706949264755522832e+06,4.688791800664515235e+06,3.360511279122326057e+06
-2.706948864755522925e+06,4.688792200664515607e+06,3.360511679122325964e+06
-2.706948463755522855e+06,4.688792601664515212e+06,3.360512080122326035e+06
-2.706948061755523086e+06,4.688793003664515913e+06,3.360512482122325804e+06
-2.706947658755523153e+06,4.688793406664515845e+06,3.360512885122325737e+06
-2.706947254755523056e+06,4.688793810664515942e+06,3.360513289122325834e+06
-2.706946849755523261e+06,4.688794215664515272e+06,3.360513694122325629e+06
-2.706946443755522836e+06,4.688794621664515696e+06,3.360514100122326054e+06
-2.706946036755523179e+06,4.688795028664515354e+06,3.360514507122325711e+06
-2.706945628755522892e+06,4.688795436664515175e+06,3.360514915122325998e+06
-2.706945219755522907e+06,4.688795845664515160e+06,3.360515324122325983e+06
-2.706944809755523223e+06,4.688796255664515309e+06,3.360515734122325666e+06
-2.706944398755522911e+06,4.688796666664515622e+06,3.360516145122325979e+06
-2.706943986755522899e+06,4.688797078664515167e+06,3.360516557122325990e+06
-2.706943573755523190e+06,4.688797491664515808e+06,3.360516970122325700e+06
-2.706943159755522851e+06,4.688797905664515682e+06,3.360517384122326039e+06
-2.706942744755522814e+06,4.688798320664515719e+06,3.360517799122326076e+06
-2.706942328755523078e+06,4.688798736664515920e+06,3.360518215122325812e+06
-2.706941911755523179e+06,4.688799153664515354e+06,3.360518632122325711e+06
-2.706941493755523115e+06,4.688799571664515883e+06,3.360519050122325774e+06
-2.706941074755522888e+06,4.688799990664515644e+06,3.360519469122326002e+06
-2.706940654755522963e+06,4.688800410664515570e+06,3.360519889122325927e+06
-2.706940233755522873e+06,4.688800831664515659e+06,3.360520310122326016e+06
-2.706939811755523086e+06,4.688801253664515913e+06,3.360520732122325804e+06
-2.706939388755523134e+06,4.688801676664515398e+06,3.360521155122325756e+06
-2.706938964755523019e+06,4.688802100664515048e+06,3.360521579122325871e+06
-2.706938539755523205e+06,4.688802525664515793e+06,3.360522004122325685e+06
-2.706938113755523227e+06,4.688802951664515771e+06,3.360522430122325663e+06
-2.706937686755523086e+06,4.688803378664515913e+06,3.360522857122325804e+06
-2.706937258755523246e+06,4.688803806664515287e+06,3.360523285122325644e+06
-2.706936829755523242e+06,4.688804235664515756e+06,3.360523714122325648e+06
-2.706936399755523074e+06,4.688804665664515458e+06,3.360524144122325815e+06
-2.706935968755523209e+06,4.688805096664515324e+06,3.360524575122325681e+06
-2.706935536755523179e+06,4.688805528664515354e+06,3.360525007122325711e+06
-2.706935103755522985e+06,4.688805961664515547e+06,3.360525440122325905e+06
-2.706934669755523093e+06,4.688806395664515905e+06,3.360525874122325797e+06
-2.706934234755523037e+06,4.688806830664515495e+06,3.360526309122325853e+06
-2.706933798755522817e+06,4.688807266664515249e+06,3.360526745122326072e+06
-2.706933361755522899e+06,4.688807703664515167e+06,3.360527182122325990e+06
-2.706932923755522817e+06,4.688808141664515249e+06,3.360527620122326072e+06
-2.706932484755523037e+06,4.688808580664515495e+06,3.360528059122325853e+06
-2.706932044755523093e+06,4.688809020664515905e+06,3.360528499122325797e+06
-2.706931603755522985e+06,4.688809461664515547e+06,3.360528940122325905e+06
-2.706931161755523179e+06,4.688809903664515354e+06,3.360529382122325711e+06
-2.706930718755523209e+06,4.688810346664515324e+06,3.360529825122325681e+06
-2.706930274755523074e+06,4.688810790664515458e+06,3.360530269122325815e+06
-2.706929829755523242e+06,4.688811235664515756e+06,3.360530714122325648e+06
-2.706929383755523246e+06,4.688811681664515287e+06,3.360531160122325644e+06
-2.706928936755523086e+06,4.688812128664515913e+06,3.360531607122325804e+06
-2.706928488755523227e+06,4.688812576664515771e+06,3.360532055122325663e+06
-2.706928039755523205e+06,4.688813025664515793e+06,3.360532504122325685e+06
-2.706927589755523019e+06,4.688813475664515048e+06,3.360532954122325871e+06
-2.706927138755523134e+06,4.688813926664515398e+06,3.360533405122325756e+06
-2.706926686755523086e+06,4.688814378664515913e+06,3.360533857122325804e+06
-2.706926233755522873e+06,4.688814831664515659e+06,3.360534310122326016e+06
-2.706925779755522963e+06,4.688815285664515570e+06,3.360534764122325927e+06
-2.706925324755522888e+06,4.688815740664515644e+06,3.360535219122326002e+06
-2.706924868755523115e+06,4.688816196664515883e+06,3.360535675122325774e+06
-2.706924411755523179e+06,4.688816653664515354e+06,3.360536132122325711e+06
-2.706923953755523078e+06,4.688817111664515920e+06,3.360536590122325812e+06
-2.706923494755522814e+06,4.688817570664515719e+06,3.360537049122326076e+06
-2.706923034755522851e+06,4.688818030664515682e+06,3.360537509122326039e+06
-2.706922573755523190e+06,4.688818491664515808e+06,3.360537970122325700e+06
-2.706922111755522899e+06,4.688818953664515167e+06,3.360538432122325990e+06
-2.706921648755522911e+06,4.688819416664515622e+06,3.360538895122325979e+06
-2.706921184755523223e+06,4.688819880664515309e+06,3.360539359122325666e+06
-2.706920719755522907e+06,4.688820345664515160e+06,3.360539824122325983e+06
-2.706920253755522892e+06,4.688820811664515175e+06,3.360540290122325998e+06
-2.706919786755523179e+06,4.688821278664515354e+06,3.360540757122325711e+06
-2.706919318755522836e+06,4.688821746664515696e+06,3.360541225122326054e+06
-2.706918849755523261e+06,4.688822215664515272e+06,3.360541694122325629e+06
-2.706918379755523056e+06,4.688822685664515942e+06,3.360542164122325834e+06
-2.706917908755523153e+06,4.688823156664515845e+06,3.360542635122325737e+06
-2.706917436755523086e+06,4.688823628664515913e+06,3.360543107122325804e+06
-2.706916963755522855e+06,4.688824101664515212e+06,3.360543580122326035e+06
-2.706916489755522925e+06,4.688824575664515607e+06,3.360544054122325964e+06
-2.706916014755522832e+06,4.688825050664515235e+06,3.360544529122326057e+06
-2.706915538755523041e+06,4.688825526664515957e+06,3.360545005122325849e+06
-2.706915061755523086e+06,4.688826003664515913e+06,3.360545482122325804e+06
-2.706914583755522966e+06,4.688826481664515100e+06,3.360545960122325923e+06
-2.706914104755523149e+06,4.688826960664515384e+06,3.360546439122325741e+06
-2.706913624755523168e+06,4.688827440664515831e+06,3.360546919122325722e+06
-2.706913143755523022e+06,4.688827921664515510e+06,3.360547400122325867e+06
-2.706912661755523179e+06,4.688828403664515354e+06,3.360547882122325711e+06
-2.706912178755523171e+06,4.688828886664515361e+06,3.360548365122325718e+06
-2.706911694755523000e+06,4.688829370664515533e+06,3.360548849122325890e+06
-2.706911209755523130e+06,4.688829855664515868e+06,3.360549334122325759e+06
-2.706910723755523097e+06,4.688830341664515436e+06,3.360549820122325793e+06
-2.706910236755522899e+06,4.688830828664515167e+06,3.360550307122325990e+06
-2.706909748755523004e+06,4.688831316664515063e+06,3.360550795122325886e+06
-2.706909259755522944e+06,4.688831805664515123e+06,3.360551284122325946e+06
-2.706908769755523186e+06,4.688832295664515346e+06,3.360551774122325704e+06
-2.706908278755523264e+06,4.688832786664515734e+06,3.360552265122325625e+06
-2.706907786755523179e+06,4.688833278664515354e+06,3.360552757122325711e+06
-2.706907293755522929e+06,4.688833771664515138e+06,3.360553250122325961e+06
-2.706906799755522981e+06,4.688834265664515086e+06,3.360553744122325908e+06
-2.706906304755522870e+06,4.688834760664515197e+06,3.360554239122326020e+06
-2.706905808755523060e+06,4.688835256664515473e+06,3.360554735122325830e+06
-2.706905311755523086e+06,4.688835753664515913e+06,3.360555232122325804e+06
-2.706904813755522948e+06,4.688836251664515585e+06,3.360555730122325942e+06
-2.706904314755523112e+06,4.688836750664515421e+06,3.360556229122325778e+06
-2.706903814755523112e+06,4.688837250664515421e+06,3.360556729122325778e+06
-2.706903313755522948e+06,4.688837751664515585e+06,3.360557230122325942e+06
-2.706902811755523086e+06,4.688838253664515913e+06,3.360557732122325804e+06
-2.706902308755523060e+06,4.688838756664515473e+06,3.360558235122325830e+06
-2.706901804755522870e+06,4.688839260664515197e+06,3.360558739122326020e+06
-2.706901299755522981e+06,4.688839765664515086e+06,3.360559244122325908e+06
-2.706900793755522929e+06,4.688840271664515138e+06,3.360559750122325961e+06
-2.706900286755523179e+06,4.688840778664515354e+06,3.360560257122325711e+06
-2.706899778755523264e+06,4.688841286664515734e+06,3.360560765122325625e+06
-2.706899269755523186e+06,4.688841795664515346e+06,3.360561274122325704e+06
-2.706898759755522944e+06,4.688842305664515123e+06,3.360561784122325946e+06
-2.706898248755523004e+06,4.688842816664515063e+06,3.360562295122325886e+06
-2.706897736755522899e+06,4.688843328664515167e+06,3.360562807122325990e+06
-2.706897223755523097e+06,4.688843841664515436e+06,3.360563320122325793e+06
-2.706896709755523130e+06,4.688844355664515868e+06,3.360563834122325759e+06
-2.706896194755523000e+06,4.688844870664515533e+06,3.360564349122325890e+06
-2.706895678755523171e+06,4.688845386664515361e+06,3.360564865122325718e+06
-2.706895161755523179e+06,4.688845903664515354e+06,3.360565382122325711e+06
-2.706894643755523022e+06,4.688846421664515510e+06,3.360565900122325867e+06
-2.706894124755523168e+06,4.688846940664515831e+06,3.360566419122325722e+06
-2.706893604755523149e+06,4.688847460664515384e+06,3.360566939122325741e+06
-2.706893083755522966e+06,4.688847981664515100e+06,3.360567460122325923e+06
-2.706892561755523086e+06,4.688848503664515913e+06,3.360567982122325804e+06
-2.706892038755523041e+06,4.688849026664515957e+06,3.360568505122325849e+06
-2.706891514755522832e+06,4.688849550664515235e+06,3.360569029122326057e+06
-2.706890989755522925e+06,4.688850075664515607e+06,3.360569554122325964e+06
-2.706890463755522855e+06,4.688850601664515212e+06,3.360570080122326035e+06
-2.706889936755523086e+06,4.688851128664515913e+06,3.360570607122325804e+06
-2.706889408755523153e+06,4.688851656664515845e+06,3.360571135122325737e+06
-2.706888879755523056e+06,4.688852185664515942e+06,3.360571664122325834e+06
-2.706888349755523261e+06,4.688852715664515272e+06,3.360572194122325629e+06
-2.706887818755522836e+06,4.688853246664515696e+06,3.360572725122326054e+06
-2.706887286755523179e+06,4.688853778664515354e+06,3.360573257122325711e+06
-2.706886753755522892e+06,4.688854311664515175e+06,3.360573790122325998e+06
-2.706886219755522907e+06,4.688854845664515160e+06,3.360574324122325983e+06
-2.706885684755523223e+06,4.688855380664515309e+06,3.360574859122325666e+06
-2.706885148755522911e+06,4.688855916664515622e+06,3.360575395122325979e+06
-2.706884611755522899e+06,4.688856453664515167e+06,3.360575932122325990e+06
-2.706884073755523190e+06,4.688856991664515808e+06,3.360576470122325700e+06
-2.706883534755522851e+06,4.688857530664515682e+06,3.360577009122326039e+06
-2.706882994755522814e+06,4.688858070664515719e+06,3.360577549122326076e+06
-2.706882453755523078e+06,4.688858611664515920e+06,3.360578090122325812e+06
-2.706881911755523179e+06,4.688859153664515354e+06,3.360578632122325711e+06
-2.706881368755523115e+06,4.688859696664515883e+06,3.360579175122325774e+06
-2.706880824755522888e+06,4.688860240664515644e+06,3.360579719122326002e+06
-2.706880279755522963e+06,4.688860785664515570e+06,3.360580264122325927e+06
-2.706879733755522873e+06,4.688861331664515659e+06,3.360580810122326016e+06
-2.706879186755523086e+06,4.688861878664515913e+06,3.360581357122325804e+06
-2.706878638755523134e+06,4.688862426664515398e+06,3.360581905122325756e+06
-2.706878089755523019e+06,4.688862975664515048e+06,3.360582454122325871e+06
-2.706877539755523205e+06,4.688863525664515793e+06,3.360583004122325685e+06
-2.706876988755523227e+06,4.688864076664515771e+06,3.360583555122325663e+06
-2.706876436755523086e+06,4.688864628664515913e+06,3.360584107122325804e+06
-2.706875883755523246e+06,4.688865181664515287e+06,3.360584660122325644e+06
-2.706875329755523242e+06,4.688865735664515756e+06,3.360585214122325648e+06
-2.706874774755523074e+06,4.688866290664515458e+06,3.360585769122325815e+06
-2.706874218755523209e+06,4.688866846664515324e+06,3.360586325122325681e+06
-2.706873661755523179e+06,4.688867403664515354e+06,3.360586882122325711e+06
-2.706873103755522985e+06,4.688867961664515547e+06,3.360587440122325905e+06
-2.706872544755523093e+06,4.688868520664515905e+06,3.360587999122325797e+06
-2.706871984755523037e+06,4.688869080664515495e+06,3.360588559122325853e+06
-2.706871423755522817e+06,4.688869641664515249e+06,3.360589120122326072e+06
-2.706870861755522899e+06,4.688870203664515167e+06,3.360589682122325990e+06
-2.706870298755522817e+06,4.688870766664515249e+06,3.360590245122326072e+06
-2.706869734755523037e+06,4.688871330664515495e+06,3.360590809122325853e+06
-2.706869169755523093e+06,4.688871895664515905e+06,3.360591374122325797e+06
-2.706868603755522985e+06,4.688872461664515547e+06,3.360591940122325905e+06
-2.706868036755523179e+06,4.688873028664515354e+06,3.360592507122325711e+06
-2.706867468755523209e+06,4.688873596664515324e+06,3.360593075122325681e+06
-2.706866899755523074e+06,4.688874165664515458e+06,3.360593644122325815e+06
-2.706866329755523242e+06,4.688874735664515756e+06,3.360594214122325648e+06
-2.706865758755523246e+06,4.688875306664515287e+06,3.360594785122325644e+06
-2.706865186755523086e+06,4.688875878664515913e+06,3.360595357122325804e+06
-2.706864613755523227e+06,4.688876451664515771e+06,3.360595930122325663e+06
-2.706864039755523205e+06,4.688877025664515793e+06,3.360596504122325685e+06
-2.706863464755523019e+06,4.688877600664515048e+06,3.360597079122325871e+06
-2.706862888755523134e+06,4.688878176664515398e+06,3.360597655122325756e+06
-2.706862311755523086e+06,4.688878753664515913e+06,3.360598232122325804e+06
-2.706861733755522873e+06,4.688879331664515659e+06,3.360598810122326016e+06
-2.706861154755522963e+06,4.688879910664515570e+06,3.360599389122325927e+06
-2.706860574755522888e+06,4.688880490664515644e+06,3.360599969122326002e+06
-2.706859993755523115e+06,4.688881071664515883e+06,3.360600550122325774e+06
-2.706859411755523179e+06,4.688881653664515354e+06,3.360601132122325711e+06
-2.706858828755523078e+06,4.688882236664515920e+06,3.360601715122325812e+06
-2.706858244755522814e+06,4.688882820664515719e+06,3.360602299122326076e+06
-2.706857659755522851e+06,4.688883405664515682e+06,3.360602884122326039e+06
-2.706857073755523190e+06,4.688883991664515808e+06,3.360603470122325700e+06
-2.706856486755522899e+06,4.688884578664515167e+06,3.360604057122325990e+06
-2.706855898755522911e+06,4.688885166664515622e+06,3.360604645122325979e+06
-2.706855309755523223e+06,4.688885755664515309e+06,3.360605234122325666e+06
-2.706854719755522907e+06,4.688886345664515160e+06,3.360605824122325983e+06
-2.706854128755522892e+06,4.688886936664515175e+06,3.360606415122325998e+06
-2.706853536755523179e+06,4.688887528664515354e+06,3.360607007122325711e+06
-2.706852943755522836e+06,4.688888121664515696e+06,3.360607600122326054e+06
-2.706852349755523261e+06,4.688888715664515272e+06,3.360608194122325629e+06
-2.706851754755523056e+06,4.688889310664515942e+06,3.360608789122325834e+06
-2.706851158755523153e+06,4.688889906664515845e+06,3.360609385122325737e+06
-2.706850561755523086e+06,4.688890503664515913e+06,3.360609982122325804e+06
-2.706849963755522855e+06,4.688891101664515212e+06,3.360610580122326035e+06
-2.706849364755522925e+06,4.688891700664515607e+06,3.360611179122325964e+06
-2.706848764755522832e+06,4.688892300664515235e+06,3.360611779122326057e+06
-2.706848163755523041e+06,4.688892901664515957e+06,3.360612380122325849e+06
-2.706847561755523086e+06,4.688893503664515913e+06,3.360612982122325804e+06
-2.706846958755522966e+06,4.688894106664515100e+06,3.360613585122325923e+06
-2.706846354755523149e+06,4.688894710664515384e+06,3.360614189122325741e+06
-2.706845749755523168e+06,4.688895315664515831e+06,3.360614794122325722e+06
-2.706845143755523022e+06,4.688895921664515510e+06,3.360615400122325867e+06
-2.706844536755523179e+06,4.688896528664515354e+06,3.360616007122325711e+06
-2.706843928755523171e+06,4.688897136664515361e+06,3.360616615122325718e+06
-2.706843319755523000e+06,4.688897745664515533e+06,3.360617224122325890e+06
-2.706842709755523130e+06,4.688898355664515868e+06,3.360617834122325759e+06
-2.706842098755523097e+06,4.688898966664515436e+06,3.360618445122325793e+06
-2.706841486755522899e+06,4.688899578664515167e+06,3.360619057122325990e+06
-2.706840873755523004e+06,4.688900191664515063e+06,3.360619670122325886e+06
-2.706840259755522944e+06,4.688900805664515123e+06,3.360620284122325946e+06
-2.706839644755523186e+06,4.688901420664515346e+06,3.360620899122325704e+06
-2.706839028755523264e+06,4.688902036664515734e+06,3.360621515122325625e+06
-2.706838411755523179e+06,4.688902653664515354e+06,3.360622132122325711e+06
-2.706837793755522929e+06,4.688903271664515138e+06,3.360622750122325961e+06
-2.706837174755522981e+06,4.688903890664515086e+06,3.360623369122325908e+06
-2.706836554755522870e+06,4.688904510664515197e+06,3.360623989122326020e+06
-2.706835933755523060e+06,4.688905131664515473e+06,3.360624610122325830e+06
-2.706835311755523086e+06,4.688905753664515913e+06,3.360625232122325804e+06
-2.706834688755522948e+06,4.688906376664515585e+06,3.360625855122325942e+06
-2.706834064755523112e+06,4.688907000664515421e+06,3.360626479122325778e+06
-2.706833439755523112e+06,4.688907625664515421e+06,3.360627104122325778e+06
-2.706832813755522948e+06,4.688908251664515585e+06,3.360627730122325942e+06
-2.706832186755523086e+06,4.688908878664515913e+06,3.360628357122325804e+06
-2.706831558755523060e+06,4.688909506664515473e+06,3.360628985122325830e+06
-2.706830929755522870e+06,4.688910135664515197e+06,3.360629614122326020e+06
-2.706830299755522981e+06,4.688910765664515086e+06,3.360630244122325908e+06
-2.706829668755522929e+06,4.688911396664515138e+06,3.360630875122325961e+06
-2.706829036755523179e+06,4.688912028664515354e+06,3.360631507122325711e+06
-2.706828403755523264e+06,4.688912661664515734e+06,3.360632140122325625e+06
-2.706827769755523186e+06,4.688913295664515346e+06,3.360632774122325704e+06
-2.706827134755522944e+06,4.688913930664515123e+06,3.360633409122325946e+06
-2.706826498755523004e+06,4.688914566664515063e+06,3.360634045122325886e+06
-2.706825861755522899e+06,4.688915203664515167e+06,3.360634682122325990e+06
-2.706825223755523097e+06,4.688915841664515436e+06,3.360635320122325793e+06
-2.706824584755523130e+06,4.688916480664515868e+06,3.360635959122325759e+06
-2.706823944755523000e+06,4.688917120664515533e+06,3.360636599122325890e+06
-2.706823303755523171e+06,4.688917761664515361e+06,3.360637240122325718e+06
-2.706822661755523179e+06,4.688918403664515354e+06,3.360637882122325711e+06
-2.706822018755523022e+06,4.688919046664515510e+06,3.360638525122325867e+06
-2.706821374755523168e+06,4.688919690664515831e+06,3.360639169122325722e+06
-2.706820729755523149e+06,4.688920335664515384e+06,3.360639814122325741e+06
-2.706820083755522966e+06,4.688920981664515100e+06,3.360640460122325923e+06
-2.706819436755523086e+06,4.688921628664515913e+06,3.360641107122325804e+06
-2.706818788755523041e+06,4.688922276664515957e+06,3.360641755122325849e+06
-2.706818139755522832e+06,4.688922925664515235e+06,3.360642404122326057e+06
-2.706817489755522925e+06,4.688923575664515607e+06,3.360643054122325964e+06
-2.706816838755522855e+06,4.688924226664515212e+06,3.360643705122326035e+06
-2.706816186755523086e+06,4.688924878664515913e+06,3.360644357122325804e+06
-2.706815533755523153e+06,4.688925531664515845e+06,3.360645010122325737e+06
-2.706814879755523056e+06,4.688926185664515942e+06,3.360645664122325834e+06
-2.706814224755523261e+06,4.688926840664515272e+06,3.360646319122325629e+06
-2.706813568755522836e+06,4.688927496664515696e+06,3.360646975122326054e+06
-2.706812911755523179e+06,4.688928153664515354e+06,3.360647632122325711e+06
-2.706812253755522892e+06,4.688928811664515175e+06,3.360648290122325998e+06
-2.706811594755522907e+06,4.688929470664515160e+06,3.360648949122325983e+06
-2.706810934755523223e+06,4.688930130664515309e+06,3.360649609122325666e+06
-2.706810273755522911e+06,4.688930791664515622e+06,3.360650270122325979e+06
-2.706809611755522899e+06,4.688931453664515167e+06,3.360650932122325990e+06
-2.706808948755523190e+06,4.688932116664515808e+06,3.360651595122325700e+06
-2.706808284755522851e+06,4.688932780664515682e+06,3.360652259122326039e+06
-2.706807619755522814e+06,4.688933445664515719e+06,3.360652924122326076e+06
-2.706806953755523078e+06,4.688934111664515920e+06,3.360653590122325812e+06
-2.706806286755523179e+06,4.688934778664515354e+06,3.360654257122325711e+06
-2.706805618755523115e+06,4.688935446664515883e+06,3.360654925122325774e+06
-2.706804949755522888e+06,4.688936115664515644e+06,3.360655594122326002e+06
-2.706804279755522963e+06,4.688936785664515570e+06,3.360656264122325927e+06
-2.706803608755522873e+06,4.688937456664515659e+06,3.360656935122326016e+06
-2.706802936755523086e+06,4.688938128664515913e+06,3.360657607122325804e+06
-2.706802263755523134e+06,4.688938801664515398e+06,3.360658280122325756e+06
-2.706801589755523019e+06,4.688939475664515048e+06,3.360658954122325871e+06
-2.706800914755523205e+06,4.688940150664515793e+06,3.360659629122325685e+06
-2.706800238755523227e+06,4.688940826664515771e+06,3.360660305122325663e+06
-2.706799561755523086e+06,4.688941503664515913e+06,3.360660982122325804e+06
-2.706798883755523246e+06,4.688942181664515287e+06,3.360661660122325644e+06
-2.706798204755523242e+06,4.688942860664515756e+06,3.360662339122325648e+06
-2.706797524755523074e+06,4.688943540664515458e+06,3.360663019122325815e+06
-2.706796843755523209e+06,4.688944221664515324e+06,3.360663700122325681e+06
-2.706796161755523179e+06,4.688944903664515354e+06,3.360664382122325711e+06
-2.706795478755522985e+06,4.688945586664515547e+06,3.360665065122325905e+06
-2.706794794755523093e+06,4.688946270664515905e+06,3.360665749122325797e+06
-2.706794109755523037e+06,4.688946955664515495e+06,3.360666434122325853e+06
-2.706793423755522817e+06,4.688947641664515249e+06,3.360667120122326072e+06
-2.706792736755522899e+06,4.688948328664515167e+06,3.360667807122325990e+06
-2.706792048755522817e+06,4.688949016664515249e+06,3.360668495122326072e+06
-2.706791359755523037e+06,4.688949705664515495e+06,3.360669184122325853e+06
-2.706790669755523093e+06,4.688950395664515905e+06,3.360669874122325797e+06
-2.706789978755522985e+06,4.688951086664515547e+06,3.360670565122325905e+06
-2.706789286755523179e+06,4.688951778664515354e+06,3.360671257122325711e+06
-2.706788593755523209e+06,4.688952471664515324e+06,3.360671950122325681e+06
-2.706787899755523074e+06,4.688953165664515458e+06,3.360672644122325815e+06
-2.706787204755523242e+06,4.688953860664515756e+06,3.360673339122325648e+06
-2.706786508755523246e+06,4.688954556664515287e+06,3.360674035122325644e+06
-2.706785811755523086e+06,4.688955253664515913e+06,3.360674732122325804e+06
-2.706785113755523227e+06,4.688955951664515771e+06,3.360675430122325663e+06
-2.706784414755523205e+06,4.688956650664515793e+06,3.360676129122325685e+06
-2.706783714755523019e+06,4.688957350664515048e+06,3.360676829122325871e+06
-2.706783013755523134e+06,4.688958051664515398e+06,3.360677530122325756e+06
-2.706782311755523086e+06,4.688958753664515913e+06,3.360678232122325804e+06
-2.706781608755522873e+06,4.688959456664515659e+06,3.360678935122326016e+06
-2.706780904755522963e+06,4.688960160664515570e+06,3.360679639122325927e+06
-2.706780199755522888e+06,4.688960865664515644e+06,3.360680344122326002e+06
-2.706779493755523115e+06,4.688961571664515883e+06,3.360681050122325774e+06
-2.706778786755523179e+06,4.688962278664515354e+06,3.360681757122325711e+06
-2.706778078755523078e+06,4.688962986664515920e+06,3.360682465122325812e+06
-2.706777369755522814e+06,4.688963695664515719e+06,3.360683174122326076e+06
-2.706776659755522851e+06,4.688964405664515682e+06,3.360683884122326039e+06
-2.706775948755523190e+06,4.688965116664515808e+06,3.360684595122325700e+06
-2.706775236755522899e+06,4.688965828664515167e+06,3.360685307122325990e+06
-2.706774523755522911e+06,4.688966541664515622e+06,3.360686020122325979e+06
-2.706773809755523223e+06,4.688967255664515309e+06,3.360686734122325666e+06
-2.706773094755522907e+06,4.688967970664515160e+06,3.360687449122325983e+06
-2.706772378755522892e+06,4.688968686664515175e+06,3.360688165122325998e+06
-2.706771661755523179e+06,4.688969403664515354e+06,3.360688882122325711e+06
-2.706770943755522836e+06,4.688970121664515696e+06,3.360689600122326054e+06
-2.706770224755523261e+06,4.688970840664515272e+06,3.360690319122325629e+06
-2.706769504755523056e+06,4.688971560664515942e+06,3.360691039122325834e+06
-2.706768783755523153e+06,4.688972281664515845e+06,3.360691760122325737e+06
-2.706768061755523086e+06,4.688973003664515913e+06,3.360692482122325804e+06
-2.706767338755522855e+06,4.688973726664515212e+06,3.360693205122326035e+06
-2.706766614755522925e+06,4.688974450664515607e+06,3.360693929122325964e+06
-2.706765889755522832e+06,4.688975175664515235e+06,3.360694654122326057e+06
-2.706765163755523041e+06,4.688975901664515957e+06,3.360695380122325849e+06
-2.706764436755523086e+06,4.688976628664515913e+06,3.360696107122325804e+06
-2.706763708755522966e+06,4.688977356664515100e+06,3.360696835122325923e+06
-2.706762979755523149e+06,4.688978085664515384e+06,3.360697564122325741e+06
-2.706762249755523168e+06,4.688978815664515831e+06,3.360698294122325722e+06
-2.706761518755523022e+06,4.688979546664515510e+06,3.360699025122325867e+06
-2.706760786755523179e+06,4.688980278664515354e+06,3.360699757122325711e+06
-2.706760053755523171e+06,4.688981011664515361e+06,3.360700490122325718e+06
-2.706759319755523000e+06,4.688981745664515533e+06,3.360701224122325890e+06
-2.706758584755523130e+06,4.688982480664515868e+06,3.360701959122325759e+06
-2.706757848755523097e+06,4.688983216664515436e+06,3.360702695122325793e+06
-2.706757111755522899e+06,4.688983953664515167e+06,3.360703432122325990e+06
-2.706756373755523004e+06,4.688984691664515063e+06,3.360704170122325886e+06
-2.706755634755522944e+06,4.688985430664515123e+06,3.360704909122325946e+06
-2.706754894755523186e+06,4.688986170664515346e+06,3.360705649122325704e+06
-2.706754153755523264e+06,4.688986911664515734e+06,3.360706390122325625e+06
-2.706753411755523179e+06,4.688987653664515354e+06,3.360707132122325711e+06
-2.706752668755522929e+06,4.688988396664515138e+06,3.360707875122325961e+06
-2.706751924755522981e+06,4.688989140664515086e+06,3.360708619122325908e+06
-2.706751179755522870e+06,4.688989885664515197e+06,3.360709364122326020e+06
-2.706750433755523060e+06,4.688990631664515473e+06,3.360710110122325830e+06
-2.706749686755523086e+06,4.688991378664515913e+06,3.360710857122325804e+06
-2.706748938755522948e+06,4.688992126664515585e+06,3.360711605122325942e+06
-2.706748189755523112e+06,4.688992875664515421e+06,3.360712354122325778e+06
-2.706747439755523112e+06,4.688993625664515421e+06,3.360713104122325778e+06
-2.706746688755522948e+06,4.688994376664515585e+06,3.360713855122325942e+06
-2.706745936755523086e+06,4.688995128664515913e+06,3.360714607122325804e+06
-2.706745183755523060e+06,4.688995881664515473e+06,3.360715360122325830e+06
-2.706744429755522870e+06,4.688996635664515197e+06,3.360716114122326020e+06
-2.706743674755522981e+06,4.688997390664515086e+06,3.360716869122325908e+06
-2.706742918755522929e+06,4.688998146664515138e+06,3.360717625122325961e+06
-2.706742161755523179e+06,4.688998903664515354e+06,3.360718382122325711e+06
-2.706741403755523264e+06,4.688999661664515734e+06,3.360719140122325625e+06
-2.706740644755523186e+06,4.689000420664515346e+06,3.360719899122325704e+06
-2.706739884755522944e+06,4.689001180664515123e+06,3.360720659122325946e+06
-2.706739123755523004e+06,4.689001941664515063e+06,3.360721420122325886e+06
-2.706738361755522899e+06,4.689002703664515167e+06,3.360722182122325990e+06
-2.706737598755523097e+06,4.689003466664515436e+06,3.360722945122325793e+06
-2.706736834755523130e+06,4.689004230664515868e+06,3.360723709122325759e+06
-2.706736069755523000e+06,4.689004995664515533e+06,3.360724474122325890e+06
-2.706735303755523171e+06,4.689005761664515361e+06,3.360725240122325718e+06
-2.706734536755523179e+06,4.689006528664515354e+06,3.360726007122325711e+06
-2.706733768755523022e+06,4.689007296664515510e+06,3.360726775122325867e+06
-2.706732999755523168e+06,4.689008065664515831e+06,3.360727544122325722e+06
-2.706732229755523149e+06,4.689008835664515384e+06,3.360728314122325741e+06
-2.706731458755522966e+06,4.689009606664515100e+06,3.360729085122325923e+06
-2.706730686755523086e+06,4.689010378664515913e+06,3.360729857122325804e+06
-2.706729913755523041e+06,4.689011151664515957e+06,3.360730630122325849e+06
-2.706729139755522832e+06,4.689011925664515235e+06,3.360731404122326057e+06
-2.706728364755522925e+06,4.689012700664515607e+06,3.360732179122325964e+06
-2.706727588755522855e+06,4.689013476664515212e+06,3.360732955122326035e+06
-2.706726811755523086e+06,4.689014253664515913e+06,3.360733732122325804e+06
-2.706726033755523153e+06,4.689015031664515845e+06,3.360734510122325737e+06
-2.706725254755523056e+06,4.689015810664515942e+06,3.360735289122325834e+06
-2.706724474755523261e+06,4.689016590664515272e+06,3.360736069122325629e+06
-2.706723693755522836e+06,4.689017371664515696e+06,3.360736850122326054e+06
-2.706722911755523179e+06,4.689018153664515354e+06,3.360737632122325711e+06
-2.706722128755522892e+06,4.689018936664515175e+06,3.360738415122325998e+06
-2.706721344755522907e+06,4.689019720664515160e+06,3.360739199122325983e+06
-2.706720559755523223e+06,4.689020505664515309e+06,3.360739984122325666e+06
-2.706719773755522911e+06,4.689021291664515622e+06,3.360740770122325979e+06
-2.706718986755522899e+06,4.689022078664515167e+06,3.360741557122325990e+06
-2.706718198755523190e+06,4.689022866664515808e+06,3.360742345122325700e+06
-2.706717409755522851e+06,4.689023655664515682e+06,3.360743134122326039e+06
-2.706716619755522814e+06,4.689024445664515719e+06,3.360743924122326076e+06
-2.706715828755523078e+06,4.689025236664515920e+06,3.360744715122325812e+06
-2.706715036755523179e+06,4.689026028664515354e+06,3.360745507122325711e+06
-2.706714243755523115e+06,4.689026821664515883e+06,3.360746300122325774e+06
-2.706713449755522888e+06,4.689027615664515644e+06,3.360747094122326002e+06
-2.706712654755522963e+06,4.689028410664515570e+06,3.360747889122325927e+06
-2.706711858755522873e+06,4.689029206664515659e+06,3.360748685122326016e+06
-2.706711061755523086e+06,4.689030003664515913e+06,3.360749482122325804e+06
-2.706710263755523134e+06,4.689030801664515398e+06,3.360750280122325756e+06
-2.706709464755523019e+06,4.689031600664515048e+06,3.360751079122325871e+06
-2.706708664755523205e+06,4.689032400664515793e+06,3.360751879122325685e+06
-2.706707863755523227e+06,4.689033201664515771e+06,3.360752680122325663e+06
-2.706707061755523086e+06,4.689034003664515913e+06,3.360753482122325804e+06
-2.706706258755523246e+06,4.689034806664515287e+06,3.360754285122325644e+06
-2.706705454755523242e+06,4.689035610664515756e+06,3.360755089122325648e+06
-2.706704649755523074e+06,4.689036415664515458e+06,3.360755894122325815e+06
-2.706703843755523209e+06,4.689037221664515324e+06,3.360756700122325681e+06
-2.706703036755523179e+06,4.689038028664515354e+06,3.360757507122325711e+06
-2.706702228755522985e+06,4.689038836664515547e+06,3.360758315122325905e+06
-2.706701419755523093e+06,4.689039645664515905e+06,3.360759124122325797e+06
-2.706700609755523037e+06,4.689040455664515495e+06,3.360759934122325853e+06
-2.706699798755522817e+06,4.689041266664515249e+06,3.360760745122326072e+06
-2.706698986755522899e+06,4.689042078664515167e+06,3.360761557122325990e+06
-2.706698173755522817e+06,4.689042891664515249e+06,3.360762370122326072e+06
-2.706697359755523037e+06,4.689043705664515495e+06,3.360763184122325853e+06
-2.706696544755523093e+06,4.689044520664515905e+06,3.360763999122325797e+06
-2.706695728755522985e+06,4.689045336664515547e+06,3.360764815122325905e+06
-2.706694911755523179e+06,4.689046153664515354e+06,3.360765632122325711e+06
-2.706694093755523209e+06,4.689046971664515324e+06,3.360766450122325681e+06
-2.706693274755523074e+06,4.689047790664515458e+06,3.360767269122325815e+06
-2.706692454755523242e+06,4.689048610664515756e+06,3.360768089122325648e+06
-2.706691633755523246e+06,4.689049431664515287e+06,3.360768910122325644e+06
-2.706690811755523086e+06,4.689050253664515913e+06,3.360769732122325804e+06
-2.706689988755523227e+06,4.689051076664515771e+06,3.360770555122325663e+06
-2.706689164755523205e+06,4.689051900664515793e+06,3.360771379122325685e+06
-2.706688339755523019e+06,4.689052725664515048e+06,3.360772204122325871e+06
-2.706687513755523134e+06,4.689053551664515398e+06,3.360773030122325756e+06
-2.706686686755523086e+06,4.689054378664515913e+06,3.360773857122325804e+06
-2.706685858755522873e+06,4.689055206664515659e+06,3.360774685122326016e+06
-2.706685029755522963e+06,4.689056035664515570e+06,3.360775514122325927e+06
-2.706684199755522888e+06,4.689056865664515644e+06,3.360776344122326002e+06
-2.706683368755523115e+06,4.689057696664515883e+06,3.360777175122325774e+06
-2.706682536755523179e+06,4.689058528664515354e+06,3.360778007122325711e+06
-2.706681703755523078e+06,4.689059361664515920e+06,3.360778840122325812e+06
-2.706680869755522814e+06,4.689060195664515719e+06,3.360779674122326076e+06
-2.706680034755522851e+06,4.689061030664515682e+06,3.360780509122326039e+06
-2.706679198755523190e+06,4.689061866664515808e+06,3.360781345122325700e+06
-2.706678361755522899e+06,4.689062703664515167e+06,3.360782182122325990e+06
-2.706677523755522911e+06,4.689063541664515622e+06,3.360783020122325979e+06
-2.706676684755523223e+06,4.689064380664515309e+06,3.360783859122325666e+06
-2.706675844755522907e+06,4.689065220664515160e+06,3.360784699122325983e+06
-2.706675003755522892e+06,4.689066061664515175e+06,3.360785540122325998e+06
-2.706674161755523179e+06,4.689066903664515354e+06,3.360786382122325711e+06
-2.706673318755522836e+06,4.689067746664515696e+06,3.360787225122326054e+06
-2.706672474755523261e+06,4.689068590664515272e+06,3.360788069122325629e+06
-2.706671629755523056e+06,4.689069435664515942e+06,3.360788914122325834e+06
-2.706670783755523153e+06,4.689070281664515845e+06,3.360789760122325737e+06
-2.706669936755523086e+06,4.689071128664515913e+06,3.360790607122325804e+06
-2.706669088755522855e+06,4.689071976664515212e+06,3.360791455122326035e+06
-2.706668239755522925e+06,4.689072825664515607e+06,3.360792304122325964e+06
-2.706667389755522832e+06,4.689073675664515235e+06,3.360793154122326057e+06
-2.706666538755523041e+06,4.689074526664515957e+06,3.360794005122325849e+06
-2.706665686755523086e+06,4.689075378664515913e+06,3.360794857122325804e+06
-2.706664833755522966e+06,4.689076231664515100e+06,3.360795710122325923e+06
-2.706663979755523149e+06,4.689077085664515384e+06,3.360796564122325741e+06
-2.706663124755523168e+06,4.689077940664515831e+06,3.360797419122325722e+06
-2.706662268755523022e+06,4.689078796664515510e+06,3.360798275122325867e+06
-2.706661411755523179e+06,4.689079653664515354e+06,3.360799132122325711e+06
-2.706660553755523171e+06,4.689080511664515361e+06,3.360799990122325718e+06
-2.706659694755523000e+06,4.689081370664515533e+06,3.360800849122325890e+06
-2.706658834755523130e+06,4.689082230664515868e+06,3.360801709122325759e+06
-2.706657973755523097e+06,4.689083091664515436e+06,3.360802570122325793e+06
-2.706657111755522899e+06,4.689083953664515167e+06,3.360803432122325990e+06
-2.706656248755523004e+06,4.689084816664515063e+06,3.360804295122325886e+06
-2.706655384755522944e+06,4.689085680664515123e+06,3.360805159122325946e+06
-2.706654519755523186e+06,4.689086545664515346e+06,3.360806024122325704e+06
-2.706653653755523264e+06,4.689087411664515734e+06,3.360806890122325625e+06
-2.706652786755523179e+06,4.689088278664515354e+06,3.360807757122325711e+06
-2.706651918755522929e+06,4.689089146664515138e+06,3.360808625122325961e+06
-2.706651049755522981e+06,4.689090015664515086e+06,3.360809494122325908e+06
-2.706650179755522870e+06,4.689090885664515197e+06,3.360810364122326020e+06
-2.706649308755523060e+06,4.689091756664515473e+06,3.360811235122325830e+06
-2.706648436755523086e+06,4.689092628664515913e+06,3.360812107122325804e+06
-2.706647563755522948e+06,4.689093501664515585e+06,3.360812980122325942e+06
-2.706646689755523112e+06,4.689094375664515421e+06,3.360813854122325778e+06
-2.706645814755523112e+06,4.689095250664515421e+06,3.360814729122325778e+06
-2.706644938755522948e+06,4.689096126664515585e+06,3.360815605122325942e+06
-2.706644061755523086e+06,4.689097003664515913e+06,3.360816482122325804e+06
-2.706643183755523060e+06,4.689097881664515473e+06,3.360817360122325830e+06
-2.706642304755522870e+06,4.689098760664515197e+06,3.360818239122326020e+06
-2.706641424755522981e+06,4.689099640664515086e+06,3.360819119122325908e+06
-2.706640543755522929e+06,4.689100521664515138e+06,3.360820000122325961e+06
-2.706639661755523179e+06,4.689101403664515354e+06,3.360820882122325711e+06
-2.706638778755523264e+06,4.689102286664515734e+06,3.360821765122325625e+06
-2.706637894755523186e+06,4.689103170664515346e+06,3.360822649122325704e+06
-2.706637009755522944e+06,4.689104055664515123e+06,3.360823534122325946e+06
-2.706636123755523004e+06,4.689104941664515063e+06,3.360824420122325886e+06
-2.706635236755522899e+06,4.689105828664515167e+06,3.360825307122325990e+06
-2.706634348755523097e+06,4.689106716664515436e+06,3.360826195122325793e+06
-2.706633459755523130e+06,4.689107605664515868e+06,3.360827084122325759e+06
-2.706632569755523000e+06,4.689108495664515533e+06,3.360827974122325890e+06
-2.706631678755523171e+06,4.689109386664515361e+06,3.360828865122325718e+06
-2.706630786755523179e+06,4.689110278664515354e+06,3.360829757122325711e+06
-2.706629893755523022e+06,4.689111171664515510e+06,3.360830650122325867e+06
-2.706628999755523168e+06,4.689112065664515831e+06,3.360831544122325722e+06
-2.706628104755523149e+06,4.689112960664515384e+06,3.360832439122325741e+06
-2.706627208755522966e+06,4.689113856664515100e+06,3.360833335122325923e+06
-2.706626311755523086e+06,4.689114753664515913e+06,3.360834232122325804e+06
-2.706625413755523041e+06,4.689115651664515957e+06,3.360835130122325849e+06
-2.706624514755522832e+06,4.689116550664515235e+06,3.360836029122326057e+06
-2.706623614755522925e+06,4.689117450664515607e+06,3.360836929122325964e+06
-2.706622713755522855e+06,4.689118351664515212e+06,3.360837830122326035e+06
-2.706621811755523086e+06,4.689119253664515913e+06,3.360838732122325804e+06
-2.706620908755523153e+06,4.689120156664515845e+06,3.360839635122325737e+06
-2.706620004755523056e+06,4.689121060664515942e+06,3.360840539122325834e+06
-2.706619099755523261e+06,4.689121965664515272e+06,3.360841444122325629e+06
-2.706618193755522836e+06,4.689122871664515696e+06,3.360842350122326054e+06
-2.706617286755523179e+06,4.689123778664515354e+06,3.360843257122325711e+06
-2.706616378755522892e+06,4.689124686664515175e+06,3.360844165122325998e+06
-2.706615469755522907e+06,4.689125595664515160e+06,3.360845074122325983e+06
-2.706614559755523223e+06,4.689126505664515309e+06,3.360845984122325666e+06
-2.706613648755522911e+06,4.689127416664515622e+06,3.360846895122325979e+06
-2.706612736755522899e+06,4.689128328664515167e+06,3.360847807122325990e+06
-2.706611823755523190e+06,4.689129241664515808e+06,3.360848720122325700e+06
-2.706610909755522851e+06,4.689130155664515682e+06,3.360849634122326039e+06
-2.706609994755522814e+06,4.689131070664515719e+06,3.360850549122326076e+06
-2.706609078755523078e+06,4.689131986664515920e+06,3.360851465122325812e+06
-2.706608161755523179e+06,4.689132903664515354e+06,3.360852382122325711e+06
-2.706607243755523115e+06,4.689133821664515883e+06,3.360853300122325774e+06
-2.706606324755522888e+06,4.689134740664515644e+06,3.360854219122326002e+06
-2.706605404755522963e+06,4.689135660664515570e+06,3.360855139122325927e+06
-2.706604483755522873e+06,4.689136581664515659e+06,3.360856060122326016e+06
-2.706603561755523086e+06,4.689137503664515913e+06,3.360856982122325804e+06
-2.706602638755523134e+06,4.689138426664515398e+06,3.360857905122325756e+06
-2.706601714755523019e+06,4.689139350664515048e+06,3.360858829122325871e+06
-2.706600789755523205e+06,4.689140275664515793e+06,3.360859754122325685e+06
-2.706599863755523227e+06,4.689141201664515771e+06,3.360860680122325663e+06
-2.706598936755523086e+06,4.689142128664515913e+06,3.360861607122325804e+06
-2.706598008755523246e+06,4.689143056664515287e+06,3.360862535122325644e+06
-2.706597079755523242e+06,4.689143985664515756e+06,3.360863464122325648e+06
-2.706596149755523074e+06,4.689144915664515458e+06,3.360864394122325815e+06
-2.706595218755523209e+06,4.689145846664515324e+06,3.360865325122325681e+06
-2.706594286755523179e+06,4.689146778664515354e+06,3.360866257122325711e+06
-2.706593353755522985e+06,4.689147711664515547e+06,3.360867190122325905e+06
-2.706592419755523093e+06,4.689148645664515905e+06,3.360868124122325797e+06
-2.706591484755523037e+06,4.689149580664515495e+06,3.360869059122325853e+06
-2.706590548755522817e+06,4.689150516664515249e+06,3.360869995122326072e+06
-2.706589611755522899e+06,4.689151453664515167e+06,3.360870932122325990e+06
-2.706588673755522817e+06,4.689152391664515249e+06,3.360871870122326072e+06
-2.706587734755523037e+06,4.689153330664515495e+06,3.360872809122325853e+06
-2.706586794755523093e+06,4.689154270664515905e+06,3.360873749122325797e+06
-2.706585853755522985e+06,4.689155211664515547e+06,3.360874690122325905e+06
-2.706584911755523179e+06,4.689156153664515354e+06,3.360875632122325711e+06
-2.706583968755523209e+06,4.689157096664515324e+06,3.360876575122325681e+06
-2.706583024755523074e+06,4.689158040664515458e+06,3.360877519122325815e+06
-2.706582079755523242e+06,4.689158985664515756e+06,3.360878464122325648e+06
-2.706581133755523246e+06,4.689159931664515287e+06,3.360879410122325644e+06
-2.706580186755523086e+06,4.689160878664515913e+06,3.360880357122325804e+06
-2.706579238755523227e+06,4.689161826664515771e+06,3.360881305122325663e+06
-2.706578289755523205e+06,4.689162775664515793e+06,3.360882254122325685e+06
-2.706577339755523019e+06,4.689163725664515048e+06,3.360883204122325871e+06
-2.706576388755523134e+06,4.689164676664515398e+06,3.360884155122325756e+06
-2.706575436755523086e+06,4.689165628664515913e+06,3.360885107122325804e+06
-2.706574483755522873e+06,4.689166581664515659e+06,3.360886060122326016e+06
-2.706573529755522963e+06,4.689167535664515570e+06,3.360887014122325927e+06
-2.706572574755522888e+06,4.689168490664515644e+06,3.360887969122326002e+06
-2.706571618755523115e+06,4.689169446664515883e+06,3.360888925122325774e+06
-2.706570661755523179e+06,4.689170403664515354e+06,3.360889882122325711e+06
-2.706569703755523078e+06,4.689171361664515920e+06,3.360890840122325812e+06
-2.706568744755522814e+06,4.689172320664515719e+06,3.360891799122326076e+06
-2.706567784755522851e+06,4.689173280664515682e+06,3.360892759122326039e+06
-2.706566823755523190e+06,4.689174241664515808e+06,3.360893720122325700e+06
-2.706565861755522899e+06,4.689175203664515167e+06,3.360894682122325990e+06
-2.706564898755522911e+06,4.689176166664515622e+06,3.360895645122325979e+06
-2.706563934755523223e+06,4.689177130664515309e+06,3.360896609122325666e+06
-2.706562969755522907e+06,4.689178095664515160e+06,3.360897574122325983e+06
-2.706562003755522892e+06,4.689179061664515175e+06,3.360898540122325998e+06
-2.706561036755523179e+06,4.689180028664515354e+06,3.360899507122325711e+06
-2.706560068755522836e+06,4.689180996664515696e+06,3.360900475122326054e+06
-2.706559099755523261e+06,4.689181965664515272e+06,3.360901444122325629e+06
-2.706558129755523056e+06,4.689182935664515942e+06,3.360902414122325834e+06
-2.706557158755523153e+06,4.689183906664515845e+06,3.360903385122325737e+06
-2.706556186755523086e+06,4.689184878664515913e+06,3.360904357122325804e+06
-2.706555213755522855e+06,4.689185851664515212e+06,3.360905330122326035e+06
-2.706554239755522925e+06,4.689186825664515607e+06,3.360906304122325964e+06
-2.706553264755522832e+06,4.689187800664515235e+06,3.360907279122326057e+06
-2.706552288755523041e+06,4.689188776664515957e+06,3.360908255122325849e+06
-2.706551311755523086e+06,4.689189753664515913e+06,3.360909232122325804e+06
-2.706550333755522966e+06,4.689190731664515100e+06,3.360910210122325923e+06
-2.706549354755523149e+06,4.689191710664515384e+06,3.360911189122325741e+06
-2.706548374755523168e+06,4.689192690664515831e+06,3.360912169122325722e+06
-2.706547393755523022e+06,4.689193671664515510e+06,3.360913150122325867e+06
-2.706546411755523179e+06,4.689194653664515354e+06,3.360914132122325711e+06
-2.706545428755523171e+06,4.689195636664515361e+06,3.360915115122325718e+06
-2.706544444755523000e+06,4.689196620664515533e+06,3.360916099122325890e+06
-2.706543459755523130e+06,4.689197605664515868e+06,3.360917084122325759e+06
-2.706542473755523097e+06,4.689198591664515436e+06,3.360918070122325793e+06
-2.706541486755522899e+06,4.689199578664515167e+06,3.360919057122325990e+06
-2.706540498755523004e+06,4.689200566664515063e+06,3.360920045122325886e+06
-2.706539509755522944e+06,4.689201555664515123e+06,3.360921034122325946e+06
